date,adj close,close,high,low,open,volume
2022-01-03,0.030201444402337,0.030201444402337,0.0302160438150167,0.0299760177731513,0.0301886796951293,0
2022-01-04,0.0300815217196941,0.0300815217196941,0.0301250182092189,0.0299787167459726,0.0300815217196941,0
2022-01-05,0.030083330348134,0.030083330348134,0.0302343145012855,0.0300480779260396,0.030095100402832,0
2022-01-06,0.0300769954919815,0.0300769954919815,0.0301250182092189,0.029770765453577,0.03010144084692,0
2022-01-07,0.029803592711687,0.029803592711687,0.0298766084015369,0.0296515952795743,0.029803592711687,0
2022-01-10,0.0297743119299411,0.0297743119299411,0.0297964885830879,0.0296445600688457,0.0297725368291139,0
2022-01-11,0.0297459699213504,0.0297459699213504,0.0300120059400796,0.0297477375715971,0.0297814048826694,0
2022-01-12,0.0300282277166843,0.0300282277166843,0.0300760921090841,0.0298864319920539,0.0300553031265735,0
2022-01-13,0.0300742834806442,0.0300742834806442,0.0301704630255699,0.0300066005438566,0.0300688575953245,0
2022-01-14,0.0301204808056354,0.0301204808056354,0.0302160438150167,0.0300571080297231,0.0301195736974477,0
2022-01-17,0.030154088512063,0.030154088512063,0.0302984379231929,0.0299940016120672,0.030153177678585,0
2022-01-18,0.0302251782268285,0.0302251782268285,0.0304321348667144,0.0301841218024492,0.0302407145500183,0
2022-01-19,0.0302160438150167,0.0302160438150167,0.0303951352834701,0.0300932899117469,0.0302160438150167,0
2022-01-20,0.0303859002888202,0.0303859002888202,0.0305296890437603,0.0302544385194778,0.0303859002888202,0
2022-01-21,0.0303831323981285,0.0303831323981285,0.0304367672652006,0.0302297435700893,0.0303794387727975,0
2022-01-24,0.0303628351539373,0.0303628351539373,0.0303692892193794,0.0302297435700893,0.0303480923175811,0
2022-01-25,0.0303094591945409,0.0303094591945409,0.0303720589727163,0.0302297435700893,0.0303315222263336,0
2022-01-26,0.0303011946380138,0.0303011946380138,0.0304182507097721,0.0302571859210729,0.0302956867963075,0
2022-01-27,0.0302069187164306,0.0302069187164306,0.0302846748381853,0.0300273243337869,0.0302069187164306,0
2022-01-28,0.0300444662570953,0.0300444662570953,0.0301431808620691,0.0299025159329175,0.0300426613539457,0
2022-01-31,0.0299419146031141,0.0299419146031141,0.030115945264697,0.0298775006085634,0.0299401190131902,0
2022-02-01,0.0301259253174066,0.0301259253174066,0.0301468130201101,0.030048981308937,0.0301259253174066,0
2022-02-02,0.0301395449787378,0.0301395449787378,0.0301950592547655,0.0300842337310314,0.0301513597369194,0
2022-02-03,0.0301977936178445,0.0301977936178445,0.0302526094019413,0.0301204808056354,0.0301977936178445,0
2022-02-04,0.0302361417561769,0.0302361417561769,0.0303905196487903,0.0302114821970462,0.0302297435700893,0
2022-02-07,0.0303674452006816,0.0303674452006816,0.0304655116051435,0.0302206110209226,0.0303609911352396,0
2022-02-08,0.0303306020796298,0.0303306020796298,0.030442327260971,0.0302755087614059,0.0303306020796298,0
2022-02-09,0.0304349157959222,0.0304349157959222,0.0306138060986995,0.0303766727447509,0.030455308035016,0
2022-02-10,0.0305735599249601,0.0305735599249601,0.0307455789297819,0.0305250324308872,0.0305716916918754,0
2022-02-11,0.0305773001164197,0.0305773001164197,0.0306795500218868,0.0305138546973466,0.0305688865482807,0
2022-02-14,0.0305997543036937,0.0305997543036937,0.0308594368398189,0.0305913314223289,0.0305932015180587,0
2022-02-15,0.0308385007083416,0.0308385007083416,0.0309818126261234,0.0308261420577764,0.0308632440865039,0
2022-02-16,0.0309166777878999,0.0309166777878999,0.0310029443353414,0.0308356452733278,0.030914768576622,0
2022-02-17,0.030959753319621,0.030959753319621,0.0311769284307956,0.0309789348393678,0.0309856552630662,0
2022-02-18,0.031149735674262,0.031149735674262,0.0311817899346351,0.0310752019286155,0.0311477966606616,0
2022-02-21,0.0311216227710247,0.0311216227710247,0.0311720687896013,0.0309789348393678,0.0311206560581922,0
2022-02-22,0.0310000628232955,0.0310000628232955,0.0310202576220035,0.0308033507317304,0.0309971775859594,0
2022-02-23,0.0308489631861448,0.0308489631861448,0.0310665145516395,0.0307976584881544,0.0308461096137762,0
2022-02-24,0.03098757378757,0.03098757378757,0.0310087129473686,0.0304228793829679,0.0309789348393678,0
2022-02-25,0.0307720694690942,0.0307720694690942,0.0308689605444669,0.0306682623922824,0.0307503063231706,0
2022-02-28,0.0306016262620687,0.0306016262620687,0.0306889675557613,0.0305185113102197,0.0305875875055789,0
2022-03-01,0.0306297484785318,0.0306297484785318,0.0307739656418561,0.0305530093610286,0.030648523941636,0
2022-03-02,0.0305567421019077,0.0305567421019077,0.0308394506573677,0.0305250324308872,0.0305754281580448,0
2022-03-03,0.0307929199188947,0.0307929199188947,0.0308861248195171,0.0306466426700353,0.0308147426694631,0
2022-03-04,0.0307153612375259,0.0307153612375259,0.0307550374418497,0.0305511448532342,0.0307144187390804,0
2022-03-07,0.0305819734930992,0.0305819734930992,0.0305950734764337,0.0302993562072515,0.0305950734764337,0
2022-03-08,0.0302956867963075,0.0302956867963075,0.030353620648384,0.0301114134490489,0.0303002763539552,0
2022-03-09,0.030127739533782,0.030127739533782,0.0303361229598522,0.0300932899117469,0.0301331877708435,0
2022-03-10,0.0303278435021638,0.0303278435021638,0.0303499326109886,0.0301568154245615,0.0303499326109886,0
2022-03-11,0.0301914121955633,0.0301914121955633,0.0302151311188936,0.0300210136920213,0.0302151311188936,0
2022-03-14,0.0300643369555473,0.0300643369555473,0.0300634335726499,0.0299025159329175,0.0300634335726499,0
2022-03-15,0.0299437064677476,0.0299437064677476,0.0299410186707973,0.0297973770648241,0.0299293678253889,0
2022-03-16,0.0298418402671813,0.0298418402671813,0.0301841218024492,0.0298240389674901,0.0298507455736398,0
2022-03-17,0.029992202296853,0.029992202296853,0.0301522687077522,0.0299401190131902,0.029992202296853,0
2022-03-18,0.0301032532006502,0.0301032532006502,0.0301340948790311,0.0299401190131902,0.030105972662568,0
2022-03-21,0.0300210136920213,0.0300210136920213,0.0300255212932825,0.0297973770648241,0.0300129055976867,0
2022-03-22,0.0297778565436601,0.0297778565436601,0.0299087762832641,0.0296735893934965,0.0297619067132473,0
2022-03-23,0.0298667959868907,0.0298667959868907,0.0299356393516063,0.0296912118792533,0.0298712532967329,0
2022-03-24,0.0297388937324285,0.0297388937324285,0.0298730414360761,0.0296665485948324,0.0297406613826751,0
2022-03-25,0.0298320464789867,0.0298320464789867,0.0299302637577056,0.0297619067132473,0.0298302676528692,0
2022-03-28,0.029730936512351,0.029730936512351,0.0297442004084587,0.0295945536345243,0.029730936512351,0
2022-03-29,0.0295998100191354,0.0295998100191354,0.0298971515148878,0.0296006854623556,0.0295998100191354,0
2022-03-30,0.0298569854348897,0.0298569854348897,0.0300553031265735,0.0297973770648241,0.0298569854348897,0
2022-03-31,0.0300129055976867,0.0300129055976867,0.0301622729748487,0.0299490876495838,0.0300129055976867,0
2022-04-01,0.0300860479474067,0.0300860479474067,0.0300751887261867,0.0298712532967329,0.0300860479474067,0
2022-04-04,0.0298685785382986,0.0298685785382986,0.0299356393516063,0.0298151448369026,0.0298685785382986,0
2022-04-05,0.0299052018672227,0.0299052018672227,0.0299895033240318,0.0298418402671813,0.0299052018672227,0
2022-04-06,0.0298089236021041,0.0298089236021041,0.0298552028834819,0.029735354706645,0.0298089236021041,0
2022-04-07,0.0297876149415969,0.0297876149415969,0.0299508795142173,0.0297592468559741,0.0297876149415969,0
2022-04-08,0.0298623349517583,0.0298623349517583,0.0298810731619596,0.0297176800668239,0.0298623349517583,0
2022-04-11,0.029812479391694,0.029812479391694,0.0298178140074014,0.0297000315040349,0.029812479391694,0
2022-04-12,0.029735354706645,0.029735354706645,0.0298998355865478,0.0296753495931625,0.029735354706645,0
2022-04-13,0.0298089236021041,0.0298089236021041,0.029915040358901,0.0297947153449058,0.0298089236021041,0
2022-04-14,0.0298908967524766,0.0298908967524766,0.0299043077975511,0.0296647883951663,0.0298908967524766,0
2022-04-15,0.0297097358852624,0.0297097358852624,0.0297654476016759,0.0296735893934965,0.0297097358852624,0
2022-04-18,0.029763676226139,0.029763676226139,0.0297627914696931,0.0296753495931625,0.029763676226139,0
2022-04-19,0.0296885687857866,0.0296885687857866,0.0297238640487194,0.0295849237591028,0.0296885687857866,0
2022-04-20,0.029609452933073,0.029609452933073,0.0296868029981851,0.0295211654156446,0.029609452933073,0
2022-04-21,0.0296024400740861,0.0296024400740861,0.029616467654705,0.0295072291046381,0.0296024400740861,0
2022-04-22,0.029503745958209,0.029503745958209,0.0295586884021759,0.0294290762394666,0.029503745958209,0
2022-04-25,0.0294585525989532,0.0294585525989532,0.029455080628395,0.0292911548167467,0.0294585525989532,0
2022-04-26,0.0293590910732746,0.0293590910732746,0.0294247455894947,0.0291460212320089,0.0293590910732746,0
2022-04-27,0.0292098727077245,0.0292098727077245,0.0291945245116949,0.0290697664022445,0.0292098727077245,0
2022-04-28,0.0291129294782876,0.0291129294782876,0.0291205588728189,0.0289939101785421,0.0291129294782876,0
2022-04-29,0.02904106490314,0.02904106490314,0.029286865144968,0.0290360059589147,0.02904106490314,0
2022-05-02,0.0292491745203733,0.0292491745203733,0.029247460886836,0.0290107335895299,0.0292491745203733,0
2022-05-03,0.0290174670517444,0.0290174670517444,0.0291502699255943,0.0289519391953945,0.0290174670517444,0
2022-05-04,0.0291400756686925,0.0291400756686925,0.0291928183287382,0.0291036088019609,0.0291400756686925,0
2022-05-05,0.0293685756623744,0.0293685756623744,0.0294507425278425,0.0290782209485769,0.0293685756623744,0
2022-05-06,0.0291545204818248,0.0291545204818248,0.0291749313473701,0.0290360059589147,0.0291545204818248,0
2022-05-09,0.029102761298418,0.029102761298418,0.029102761298418,0.0288741961121559,0.029102761298418,0
2022-05-10,0.0289100892841815,0.0289100892841815,0.0290149431675672,0.0288817007094621,0.0289100892841815,0
2022-05-11,0.0288616959005594,0.0288616959005594,0.0289813056588172,0.0288184434175491,0.0288616959005594,0
2022-05-12,0.0288791991770267,0.0288791991770267,0.0288908798247575,0.0287769790738821,0.0288791991770267,0
2022-05-13,0.0287927221506834,0.0287927221506834,0.0288808662444353,0.0287356320768594,0.0287927221506834,0
2022-05-16,0.0288608632981777,0.0288608632981777,0.0288467090576887,0.0287026409059762,0.0288608632981777,0
2022-05-17,0.028820103034377,0.028820103034377,0.0290275756269693,0.028810141608119,0.028820103034377,0
2022-05-18,0.0290040019899606,0.0290040019899606,0.0290149431675672,0.0288425479084253,0.0290040019899606,0
2022-05-19,0.0289243031293153,0.0289243031293153,0.0290866773575544,0.0288433823734521,0.0289243031293153,0
2022-05-20,0.0290892180055379,0.0290892180055379,0.0292081665247678,0.0289855077862739,0.0290892180055379,0
2022-05-23,0.0291366800665855,0.0291366800665855,0.0293470285832881,0.0290951412171125,0.0291366800665855,0
2022-05-24,0.0292954463511705,0.0292954463511705,0.0293728895485401,0.0291911140084266,0.0292954463511705,0
2022-05-25,0.0293306726962327,0.0293306726962327,0.0293444450944662,0.0291205588728189,0.0293306726962327,0
2022-05-26,0.0292056053876876,0.0292056053876876,0.029321214184165,0.0291205588728189,0.0292056053876876,0
2022-05-27,0.0292252395302057,0.0292252395302057,0.029364263638854,0.0292201153934001,0.0292252395302057,0
2022-05-30,0.0293453056365251,0.0293453056365251,0.0294074397534132,0.0292997360229492,0.0293453056365251,0
2022-05-31,0.0293358359485864,0.0293358359485864,0.0293513350188732,0.0291120819747447,0.0293358359485864,0
2022-06-01,0.0292124338448047,0.0292124338448047,0.0292184092104434,0.0290866773575544,0.0292124338448047,0
2022-06-02,0.0291010681539773,0.0291010681539773,0.0292354896664619,0.0290444381535053,0.0291010681539773,0
2022-06-03,0.0292081665247678,0.0292081665247678,0.0292654391378164,0.0290866773575544,0.0292081665247678,0
2022-06-06,0.0291205588728189,0.0291205588728189,0.0291842985898256,0.0290191527456045,0.0291205588728189,0
2022-06-07,0.0290444381535053,0.0290444381535053,0.0291078444570302,0.0289855077862739,0.0290444381535053,0
2022-06-08,0.0290647000074386,0.0290647000074386,0.0290663875639438,0.0289519391953945,0.0290647000074386,0
2022-06-09,0.0289947539567947,0.0289947539567947,0.0290655437856912,0.0289351847022771,0.0289947539567947,0
2022-06-10,0.0289402082562446,0.0289402082562446,0.0289729107171297,0.0287108793854713,0.0289402082562446,0
2022-06-13,0.0287348069250583,0.0287348069250583,0.0288059916347265,0.0286204926669597,0.0287348069250583,0
2022-06-14,0.0287001710385084,0.0287001710385084,0.028669724240899,0.0285388119518756,0.0287001710385084,0
2022-06-15,0.0285469610244035,0.0285469610244035,0.0286377053707838,0.0284656975418329,0.0285469610244035,0
2022-06-16,0.0287059377878904,0.0287059377878904,0.028747197240591,0.0284333247691392,0.0287059377878904,0
2022-06-17,0.0285665318369865,0.0285665318369865,0.0285893976688385,0.0283446721732616,0.0285665318369865,0
2022-06-20,0.0283921509981155,0.0283921509981155,0.028395377099514,0.0282885450869798,0.0283921509981155,0
2022-06-21,0.0283045563846826,0.0283045563846826,0.0283848997205495,0.028220685198903,0.0283045563846826,0
2022-06-22,0.0283406544476747,0.0283406544476747,0.0283567272126674,0.0281452294439077,0.0283406544476747,0
2022-06-23,0.0282885450869798,0.0282885450869798,0.0283326264470815,0.0281610824167728,0.0282885450869798,0
2022-06-24,0.0281817149370908,0.0281817149370908,0.028244599699974,0.028113579377532,0.0281817149370908,0
2022-06-27,0.0282087437808513,0.0282087437808513,0.028341457247734,0.0281856879591941,0.0282087437808513,0
2022-06-28,0.0282813422381877,0.0282813422381877,0.0285510346293449,0.028257368132472,0.0282813422381877,0
2022-06-29,0.0284414105117321,0.0284414105117321,0.0286139398813247,0.0283687934279441,0.0284414105117321,0
2022-06-30,0.0285078976303339,0.0285078976303339,0.0285477750003337,0.028253374621272,0.0285078976303339,0
2022-07-01,0.0283093638718128,0.0283093638718128,0.0283406544476747,0.0280190538614988,0.0283093638718128,0
2022-07-04,0.0281056761741638,0.0281056761741638,0.028113579377532,0.0279955193400383,0.0281056761741638,0
2022-07-05,0.0280088521540164,0.0280088521540164,0.0280693881213665,0.0277854949235916,0.0280088521540164,0
2022-07-06,0.0278024915605783,0.0278024915605783,0.0278745647519826,0.0276014357805252,0.0278024915605783,0
2022-07-07,0.0276586934924125,0.0276586934924125,0.0277739185839891,0.0275254603475332,0.0276586934924125,0
2022-07-08,0.0277231018990278,0.0277231018990278,0.0279306191951036,0.0276893246918916,0.0277231018990278,0
2022-07-11,0.0278862230479717,0.0278862230479717,0.027921263128519,0.0275633968412876,0.0278862230479717,0
2022-07-12,0.0275999121367931,0.0275999121367931,0.0276740007102489,0.0275027491152286,0.0275999121367931,0
2022-07-13,0.0276273619383573,0.0276273619383573,0.0277077388018369,0.0274929199367761,0.0276273619383573,0
2022-07-14,0.0275999121367931,0.0275999121367931,0.0276686418801546,0.0272702500224113,0.0275999121367931,0
2022-07-15,0.0273747611790895,0.0273747611790895,0.0273935068398714,0.0272257011383771,0.0273747611790895,0
2022-07-18,0.0273522958159446,0.0273522958159446,0.0273935068398714,0.0272843837738037,0.0273522958159446,0
2022-07-19,0.0272553842514753,0.0272553842514753,0.0273860059678554,0.0272257011383771,0.0272553842514753,0
2022-07-20,0.0273425728082656,0.0273425728082656,0.0273627750575542,0.0272524114698171,0.0273425728082656,0
2022-07-21,0.027273965999484,0.027273965999484,0.027273965999484,0.0270635988563299,0.027273965999484,0
2022-07-22,0.0272094048559665,0.0272094048559665,0.0273635257035493,0.0271024741232395,0.0272094048559665,0
2022-07-25,0.0272933207452297,0.0272933207452297,0.0273336078971624,0.0271983034908771,0.0272933207452297,0
2022-07-26,0.0272806640714406,0.0272806640714406,0.0273134503513574,0.0272279232740402,0.0272806640714406,0
2022-07-27,0.0272494405508041,0.0272494405508041,0.0272665303200483,0.0271149668842554,0.0272494405508041,0
2022-07-28,0.0272948108613491,0.0272948108613491,0.0274461358785629,0.0272042229771614,0.0272948108613491,0
2022-07-29,0.0274838544428348,0.0274838544428348,0.0277008321136236,0.0274122804403305,0.0274838544428348,0
2022-08-01,0.0275535229593515,0.0275535229593515,0.0278241522610187,0.0275103170424699,0.0275535229593515,0
2022-08-02,0.027698528021574,0.027698528021574,0.0277816373854875,0.027654867619276,0.027698528021574,0
2022-08-03,0.0276220217347145,0.0276220217347145,0.0276701711118221,0.0275027491152286,0.0276220217347145,0
2022-08-04,0.0275938175618648,0.0275938175618648,0.0278955586254596,0.0275785997509956,0.0275938175618648,0
2022-08-05,0.0279173646122217,0.0279173646122217,0.0281571168452501,0.02789400331676,0.0279173646122217,0
2022-08-08,0.0279720276594162,0.0279720276594162,0.0281531531363725,0.0279017854481935,0.0279720276594162,0
2022-08-09,0.0281452294439077,0.0281452294439077,0.0283013526350259,0.0281293950974941,0.0281452294439077,0
2022-08-10,0.0283045563846826,0.0283045563846826,0.0283969901502132,0.0280819982290267,0.0283045563846826,0
2022-08-11,0.0283125713467597,0.0283125713467597,0.0285510346293449,0.0282565709203481,0.0283125713467597,0
2022-08-12,0.0284090898931026,0.0284090898931026,0.0284414105117321,0.0282549746334552,0.0284090898931026,0
2022-08-15,0.0283286124467849,0.0283286124467849,0.0283768437802791,0.0281452294439077,0.0283286124467849,0
2022-08-16,0.0281381011009216,0.0281381011009216,0.0283045563846826,0.0281056761741638,0.0281381011009216,0
2022-08-17,0.0282701477408409,0.0282701477408409,0.0283125713467597,0.0281690135598182,0.0282701477408409,0
2022-08-18,0.0281848926097154,0.0281848926097154,0.0282453969120979,0.0279955193400383,0.0281848926097154,0
2022-08-19,0.0280662346631288,0.0280662346631288,0.0280741173774003,0.0279329624027013,0.0280662346631288,0
2022-08-22,0.0279446691274642,0.0279446691274642,0.0279642064124345,0.0276395790278911,0.0279446691274642,0
2022-08-23,0.0276854932308197,0.0276854932308197,0.0278241522610187,0.0275353137403726,0.0276854932308197,0
2022-08-24,0.0277431011199951,0.0277431011199951,0.0277739185839891,0.0275938175618648,0.0277431011199951,0
2022-08-25,0.0277338661253452,0.0277338661253452,0.0279540438205003,0.0277161840349435,0.0277338661253452,0
2022-08-26,0.0279251597821712,0.0279251597821712,0.0279259420931339,0.0276701711118221,0.0279251597821712,0
2022-08-29,0.0275557991117239,0.0275557991117239,0.0275785997509956,0.0274047665297985,0.0275557991117239,0
2022-08-30,0.0275330394506454,0.0275330394506454,0.0275671947747468,0.027389757335186,0.0275330394506454,0
2022-08-31,0.0274431239813566,0.0274431239813566,0.0275254603475332,0.0273365937173366,0.0274431239813566,0
2022-09-01,0.0273059904575347,0.0273059904575347,0.0273261368274688,0.0271591525524854,0.0273059904575347,0
2022-09-02,0.0271975621581077,0.0271975621581077,0.0273635257035493,0.027137042954564,0.0271975621581077,0
2022-09-05,0.0272257011383771,0.0272257011383771,0.0274160392582416,0.0271517764776945,0.0272257011383771,0
2022-09-06,0.0273672677576541,0.0273672677576541,0.0275231879204511,0.027262071147561,0.0273672677576541,0
2022-09-07,0.0272568687796592,0.0272568687796592,0.0273710135370492,0.0271591525524854,0.0272568687796592,0
2022-09-08,0.02738225646317,0.02738225646317,0.0275254603475332,0.0273672677576541,0.02738225646317,0
2022-09-09,0.0274649821221828,0.0274649821221828,0.027597626671195,0.0274574421346187,0.0274649821221828,0
2022-09-12,0.0274951886385679,0.0274951886385679,0.0275900140404701,0.0274122804403305,0.0274951886385679,0
2022-09-13,0.0275725144892931,0.0275725144892931,0.0276487506926059,0.0273373406380414,0.0275725144892931,0
2022-09-14,0.0273224059492349,0.0273224059492349,0.0273635257035493,0.0272257011383771,0.0273224059492349,0
2022-09-15,0.0273000262677669,0.0273000262677669,0.027341078966856,0.0270709265023469,0.0273000262677669,0
2022-09-16,0.0270709265023469,0.0270709265023469,0.027133360505104,0.0269614458084106,0.0270709265023469,0
2022-09-19,0.0271739140152931,0.0271739140152931,0.0272034835070371,0.0270014852285385,0.0271739140152931,0
2022-09-20,0.0271002706140279,0.0271002706140279,0.0271702203899621,0.0269759912043809,0.0271002706140279,0
2022-09-21,0.0270416438579559,0.0270416438579559,0.0270489584654569,0.0268889497965574,0.0270416438579559,0
2022-09-22,0.0268744975328445,0.0268744975328445,0.0269077587872743,0.026702269911766,0.0268744975328445,0
2022-09-23,0.0267594326287508,0.0267594326287508,0.0268853344023227,0.0266098976135253,0.0267594326287508,0
2022-09-26,0.0266098976135253,0.0266098976135253,0.0266098976135253,0.026364354416728,0.0266098976135253,0
2022-09-27,0.0263511538505554,0.0263511538505554,0.0264417361468076,0.0263296477496624,0.0263511538505554,0
2022-09-28,0.0263365805149078,0.0263365805149078,0.0263504609465599,0.0260118618607521,0.0263365805149078,0
2022-09-29,0.0263782646507024,0.0263782646507024,0.0264375414699316,0.0261164791882038,0.0263782646507024,0
2022-09-30,0.0264117065817117,0.0264117065817117,0.0265674814581871,0.0263026375323534,0.0264117065817117,0
2022-10-03,0.0264389384537935,0.0264389384537935,0.0264620259404182,0.0262164417654275,0.0264389384537935,0
2022-10-04,0.0264578256756067,0.0264578256756067,0.026758000254631,0.0263504609465599,0.0264578256756067,0
2022-10-05,0.0267336796969175,0.0267336796969175,0.0269106570631265,0.0266028195619583,0.0267336796969175,0
2022-10-06,0.0267094019800424,0.0267094019800424,0.0269578099250793,0.0266880169510841,0.0267094019800424,0
2022-10-07,0.0267895422875881,0.0267895422875881,0.0267974380403757,0.0265816058963537,0.0267895422875881,0
2022-10-10,0.0266028195619583,0.0266028195619583,0.0266155656427145,0.0263157896697521,0.0266028195619583,0
2022-10-11,0.0263227149844169,0.0263227149844169,0.0263733938336372,0.0261711608618497,0.0263227149844169,0
2022-10-12,0.0262536089867353,0.0262536089867353,0.0263726990669965,0.0261233020573854,0.0262536089867353,0
2022-10-13,0.0263921879231929,0.0263921879231929,0.0264935754239559,0.0261164791882038,0.0263921879231929,0
2022-10-14,0.026301946491003,0.026301946491003,0.0265202745795249,0.0261164791882038,0.026301946491003,0
2022-10-17,0.0261233020573854,0.0261233020573854,0.0263296477496624,0.0261096619069576,0.0261233020573854,0
2022-10-18,0.0262605026364326,0.0262605026364326,0.026374090462923,0.026198586449027,0.0262605026364326,0
2022-10-19,0.0262674018740654,0.0262674018740654,0.0263511538505554,0.0260688215494155,0.0262674018740654,0
2022-10-20,0.0261096619069576,0.0261096619069576,0.0263365805149078,0.0260050985962152,0.0261096619069576,0
2022-10-21,0.0261780098080635,0.0261780098080635,0.0262680910527706,0.0260409880429506,0.0261780098080635,0
2022-10-24,0.0262812096625566,0.0262812096625566,0.026353932917118,0.0261561013758182,0.0262812096625566,0
2022-10-25,0.0261711608618497,0.0261711608618497,0.0263733938336372,0.0260946732014417,0.0261711608618497,0
2022-10-26,0.0263504609465599,0.0263504609465599,0.0265568997710943,0.0262467209249734,0.0263504609465599,0
2022-10-27,0.0265251975506544,0.0265251975506544,0.02659079618752,0.0264061260968446,0.0265251975506544,0
2022-10-28,0.0264620259404182,0.0264620259404182,0.0265576038509607,0.0263157896697521,0.0264620259404182,0
2022-10-31,0.0264075212180614,0.0264075212180614,0.026400551199913,0.0262226313352584,0.0264075212180614,0
2022-11-01,0.0262743029743433,0.0262743029743433,0.026577366515994,0.0262674018740654,0.0262743029743433,0
2022-11-02,0.0265202745795249,0.0265202745795249,0.0266453512012958,0.0264760386198759,0.0265202745795249,0
2022-11-03,0.0264319516718387,0.0264319516718387,0.0265041086822748,0.0262881163507699,0.0264319516718387,0
2022-11-04,0.0263074804097414,0.0263074804097414,0.0267809312790632,0.0263074804097414,0.0263074804097414,0
2022-11-07,0.0267143975943326,0.0267143975943326,0.0268420334905385,0.0266666673123836,0.0267143975943326,0
2022-11-08,0.0268096514046192,0.0268096514046192,0.0270855911076068,0.0267451200634241,0.0268096514046192,0
2022-11-09,0.0270929280668497,0.0270929280668497,0.0272709932178258,0.0270562767982482,0.0270929280668497,0
2022-11-10,0.0271296799182891,0.0271296799182891,0.0276258345693349,0.0270489584654569,0.0271296799182891,0
2022-11-11,0.027654867619276,0.027654867619276,0.0280276909470558,0.0276319440454244,0.027654867619276,0
2022-11-14,0.0277638938277959,0.0277638938277959,0.0280127730220556,0.0277600437402725,0.0277638938277959,0
2022-11-15,0.0280237663537263,0.0280237663537263,0.028268551453948,0.0279720276594162,0.0280237663537263,0
2022-11-16,0.028134936466813,0.028134936466813,0.0281658396124839,0.0279165860265493,0.028134936466813,0
2022-11-17,0.0279314015060663,0.0279314015060663,0.028016697615385,0.0277623534202575,0.0279314015060663,0
2022-11-18,0.0279017854481935,0.0279017854481935,0.0280347652733325,0.0278551522642374,0.0279017854481935,0
2022-11-21,0.0279681161046028,0.0279681161046028,0.0279696825891733,0.0275633968412876,0.0279681161046028,0
2022-11-22,0.0275557991117239,0.0275557991117239,0.0277623534202575,0.0275580789893865,0.0275557991117239,0
2022-11-23,0.0277085062116384,0.0277085062116384,0.0277770068496465,0.0275633968412876,0.0277085062116384,0
2022-11-24,0.0277932193130254,0.0277932193130254,0.0280394777655601,0.0277392510324716,0.0277932193130254,0
2022-11-25,0.0279485750943422,0.0279485750943422,0.0281270202249288,0.0279017854481935,0.0279485750943422,0
2022-11-28,0.0278117693960666,0.0278117693960666,0.0281690135598182,0.0277277156710624,0.0278117693960666,0
2022-11-29,0.0279454495757818,0.0279454495757818,0.0283045563846826,0.0279251597821712,0.0279454495757818,0
2022-11-30,0.0282350294291973,0.0282350294291973,0.0284414105117321,0.0281531531363725,0.0282350294291973,0
2022-12-01,0.0285144001245498,0.0285144001245498,0.0287761501967906,0.0285022091120481,0.0285144001245498,0
2022-12-02,0.0287438910454511,0.0287438910454511,0.0288350638002157,0.0285681616514921,0.0287438910454511,0
2022-12-05,0.0288433823734521,0.0288433823734521,0.0289276521652936,0.0285469610244035,0.0288433823734521,0
2022-12-06,0.0285388119518756,0.0285388119518756,0.0286565795540809,0.028457598760724,0.0285388119518756,0
2022-12-07,0.0285412576049566,0.0285412576049566,0.0286615081131458,0.0284414105117321,0.0285412576049566,0
2022-12-08,0.0286532938480377,0.0286532938480377,0.0288683604449033,0.0286450870335102,0.0286532938480377,0
2022-12-09,0.0287935510277748,0.0287935510277748,0.0288608632981777,0.0287191271781921,0.0287935510277748,0
2022-12-12,0.0288118012249469,0.0288118012249469,0.0288267526775598,0.0287026409059762,0.0288118012249469,0
2022-12-13,0.0287026409059762,0.0287026409059762,0.0289678741246461,0.0286779478192329,0.0287026409059762,0
2022-12-14,0.0289100892841815,0.0289100892841815,0.0289737489074468,0.0288600269705057,0.0289100892841815,0
2022-12-15,0.0289687141776084,0.0289687141776084,0.028977109119296,0.0284981466829776,0.0289687141776084,0
2022-12-16,0.0285030212253332,0.0285030212253332,0.0286944061517715,0.0284592173993587,0.0285030212253332,0
2022-12-19,0.0287191271781921,0.0287191271781921,0.0287852603942155,0.0286532938480377,0.0286861732602119,0
2022-12-20,0.0287026409059762,0.0287026409059762,0.0288683604449033,0.0285469610244035,0.0287026409059762,0
2022-12-21,0.0288517028093338,0.0288517028093338,0.0288950521498918,0.0286812353879213,0.0288517028093338,0
2022-12-22,0.0288600269705057,0.0288600269705057,0.0289209596812725,0.0287018176168203,0.0288600269705057,0
2022-12-23,0.0287108793854713,0.0287108793854713,0.0288666952401399,0.0286286864429712,0.0287108793854713,0
2022-12-26,0.0288942176848649,0.0288942176848649,0.0289059095084667,0.0287521574646234,0.0288942176848649,0
2022-12-27,0.0288517028093338,0.0288517028093338,0.0289427228271961,0.0288375597447156,0.0288517028093338,0
2022-12-28,0.0288850385695695,0.0288850385695695,0.0289192870259284,0.0287438910454511,0.0288850385695695,0
2022-12-29,0.0288184434175491,0.0288184434175491,0.0289351847022771,0.0287885759025812,0.0288184434175491,0
2022-12-30,0.0289184488356113,0.0289184488356113,0.0290023200213909,0.0288683604449033,0.0289184488356113,0
2023-01-02,0.0290334746241569,0.0290334746241569,0.0292269475758075,0.0288766957819461,0.0290334746241569,0
2023-01-03,0.0289939101785421,0.0289939101785421,0.0291800405830144,0.0289939101785421,0.0289939101785421,0
2023-01-04,0.0290866773575544,0.0290866773575544,0.0295543223619461,0.0290528777986764,0.0290866773575544,0
2023-01-05,0.0295089706778526,0.0295089706778526,0.029613833874464,0.0292740054428577,0.0295089706778526,0
2023-01-06,0.0293772015720605,0.0293772015720605,0.0297176800668239,0.0293496139347553,0.0293772015720605,0
2023-01-09,0.0297371260821819,0.0297371260821819,0.0299724265933036,0.0296735893934965,0.0297371260821819,0
2023-01-10,0.029924888163805,0.029924888163805,0.0300174113363027,0.0297654476016759,0.029924888163805,0
2023-01-11,0.0298953652381896,0.0298953652381896,0.0300661474466323,0.0297619067132473,0.0298953652381896,0
2023-01-12,0.0299742221832275,0.0299742221832275,0.0301996208727359,0.0298855397850275,0.0299742221832275,0
2023-01-13,0.0302096530795097,0.0302096530795097,0.0303859002888202,0.0301295574754476,0.0302096530795097,0
2023-01-16,0.030417326837778,0.030417326837778,0.0305801052600145,0.0302206110209226,0.030417326837778,0
2023-01-17,0.0302846748381853,0.0302846748381853,0.0303582288324832,0.0301477257162332,0.0302846748381853,0
2023-01-18,0.0303030312061309,0.0303030312061309,0.0305287577211856,0.0301568154245615,0.0303030312061309,0
2023-01-19,0.0303030312061309,0.0303030312061309,0.0303526986390352,0.0301568154245615,0.0303030312061309,0
2023-01-20,0.0304136238992214,0.0304136238992214,0.0305810384452343,0.0303711369633674,0.0304136238992214,0
2023-01-23,0.0305688865482807,0.0305688865482807,0.0307125300168991,0.0304414015263319,0.0305688865482807,0
2023-01-24,0.0305716916918754,0.0305716916918754,0.030590396374464,0.0304136238992214,0.0305716916918754,0
2023-01-25,0.0305157154798507,0.0305157154798507,0.0305875875055789,0.0304136238992214,0.0305157154798507,0
2023-01-26,0.0305520761758089,0.0305520761758089,0.0306804925203323,0.0304414015263319,0.0305520761758089,0
2023-01-27,0.03050640784204,0.03050640784204,0.0305250324308872,0.0303573030978441,0.03050640784204,0
2023-01-30,0.0305203720927238,0.0305203720927238,0.0306241195648908,0.0304971020668745,0.0305203720927238,0
2023-01-31,0.0305250324308872,0.0305250324308872,0.0305548757314682,0.0302370600402355,0.0305250324308872,0
2023-02-01,0.0304275043308734,0.0304275043308734,0.03050640784204,0.0303490124642848,0.0304275043308734,0
2023-02-02,0.030560478568077,0.030560478568077,0.0306278690695762,0.0303112957626581,0.030560478568077,0
2023-02-03,0.0302571859210729,0.0302571859210729,0.0303859002888202,0.0299401190131902,0.0302571859210729,0
2023-02-06,0.029823150485754,0.029823150485754,0.0299186222255229,0.0295849237591028,0.029823150485754,0
2023-02-07,0.0296296291053295,0.0296296291053295,0.0298089236021041,0.0296234861016273,0.0296296291053295,0
2023-02-08,0.0298453997820615,0.0298453997820615,0.0299401190131902,0.029750395566225,0.0298453997820615,0
2023-02-09,0.0298641175031662,0.0298641175031662,0.0299850087612867,0.0297796297818422,0.0298641175031662,0
2023-02-10,0.0297973770648241,0.0297973770648241,0.0298089236021041,0.0295770466327667,0.0297973770648241,0
2023-02-13,0.0300048012286424,0.0300048012286424,0.0300048012286424,0.0294898264110088,0.0300048012286424,0
2023-02-14,0.0295945536345243,0.0295945536345243,0.0296868029981851,0.0294698383659124,0.0295945536345243,0
2023-02-15,0.0295420996844768,0.0295420996844768,0.0295508280396461,0.0290107335895299,0.0295420996844768,0
2023-02-16,0.0291894115507602,0.0291894115507602,0.0293203555047512,0.0289981141686439,0.0291894115507602,0
2023-02-17,0.0290697664022445,0.0290697664022445,0.0290866773575544,0.0288766957819461,0.0290697664022445,0
2023-02-20,0.0290554091334342,0.0290554091334342,0.0291621703654527,0.0289939101785421,0.0290554091334342,0
2023-02-21,0.0290816016495227,0.0290816016495227,0.029117165133357,0.0288325697183609,0.0290816016495227,0
2023-02-22,0.0288600269705057,0.0288600269705057,0.0289703905582427,0.0288225971162319,0.0288600269705057,0
2023-02-23,0.0288600269705057,0.0288600269705057,0.0290107335895299,0.0287852603942155,0.0288600269705057,0
2023-02-24,0.0288084801286458,0.0288084801286458,0.0288867056369781,0.0285795927047729,0.0288084801286458,0
2023-02-27,0.0286213122308254,0.0286213122308254,0.028645908460021,0.0284438356757164,0.0286213122308254,0
2023-02-28,0.0285795927047729,0.0285795927047729,0.0286204926669597,0.028269350528717,0.0285795927047729,0
2023-03-01,0.0284002162516117,0.0284002162516117,0.028895890340209,0.0282885450869798,0.0284002162516117,0
2023-03-02,0.0288284141570329,0.0288284141570329,0.0288467090576887,0.028611484915018,0.0288284141570329,0
2023-03-03,0.0287191271781921,0.0287191271781921,0.0289351847022771,0.0287026409059762,0.0287191271781921,0
2023-03-06,0.0289578083902597,0.0289578083902597,0.0290866773575544,0.0288650263100862,0.0289578083902597,0
2023-03-07,0.0290419086813926,0.0290419086813926,0.0290444381535053,0.0285225324332714,0.0290419086813926,0
2023-03-08,0.0285274144262075,0.0285274144262075,0.0286582205444574,0.0284228194504976,0.0285274144262075,0
2023-03-09,0.028536370024085,0.028536370024085,0.0286450870335102,0.0284616500139236,0.028536370024085,0
2023-03-10,0.0285714287310838,0.0285714287310838,0.0289443973451852,0.0284584090113639,0.0285714287310838,0
2023-03-13,0.0289142690598964,0.0289142690598964,0.0290554091334342,0.0287935510277748,0.0289142690598964,0
2023-03-14,0.0289687141776084,0.0289687141776084,0.0290511865168809,0.0288766957819461,0.0289687141776084,0
2023-03-15,0.0289502628147602,0.0289502628147602,0.0290216784924268,0.0287769790738821,0.0289502628147602,0
2023-03-16,0.0289351847022771,0.0289351847022771,0.0291383787989616,0.0288850385695695,0.0289351847022771,0
2023-03-17,0.0290444381535053,0.0290444381535053,0.0294100362807512,0.0290444381535053,0.0290444381535053,0
2023-03-20,0.0293616782873868,0.0293616782873868,0.0294290762394666,0.0292688626796007,0.0293616782873868,0
2023-03-21,0.0293806567788124,0.0293806567788124,0.0294083040207624,0.0290368478745222,0.0293806567788124,0
2023-03-22,0.029058787971735,0.029058787971735,0.0291180163621902,0.0289435610175132,0.029058787971735,0
2023-03-23,0.0292312204837799,0.0292312204837799,0.0294204168021678,0.0292226765304803,0.0292312204837799,0
2023-03-24,0.0293858367949724,0.0293858367949724,0.0293884258717298,0.0291715301573276,0.0293858367949724,0
2023-03-27,0.0292483195662498,0.0292483195662498,0.0292825754731893,0.0290107335895299,0.0292483195662498,0
2023-03-28,0.0290613193064928,0.0290613193064928,0.0292414743453264,0.0290528777986764,0.0290613193064928,0
2023-03-29,0.0292141400277614,0.0292141400277614,0.0293134804815053,0.0291154719889163,0.0292141400277614,0
2023-03-30,0.0292654391378164,0.0292654391378164,0.0292911548167467,0.0291205588728189,0.0292654391378164,0
2023-03-31,0.0293126180768013,0.0293126180768013,0.0293996594846248,0.0292397662997245,0.0293126180768013,0
2023-04-03,0.0291715301573276,0.0291715301573276,0.0292748622596263,0.0290157832205295,0.0291715301573276,0
2023-04-04,0.0292397662997245,0.0292397662997245,0.0293944738805294,0.0291519686579704,0.0292397662997245,0
2023-04-05,0.0294031184166669,0.0294031184166669,0.0296085756272077,0.0293841082602739,0.0294031184166669,0
2023-04-06,0.0294637605547904,0.0294637605547904,0.029472442343831,0.0292740054428577,0.0294637605547904,0
2023-04-07,0.0293083246797323,0.0293083246797323,0.0293858367949724,0.0292568746954202,0.0293083246797323,0
2023-04-10,0.0292654391378164,0.0292654391378164,0.0292671509087085,0.0290613193064928,0.0292654391378164,0
2023-04-11,0.0291036088019609,0.0291036088019609,0.0292483195662498,0.0290799103677272,0.0291036088019609,0
2023-04-12,0.0291800405830144,0.0291800405830144,0.0293237920850515,0.0291715301573276,0.0291800405830144,0
2023-04-13,0.0293066035956144,0.0293066035956144,0.0294308084994554,0.0292620118707418,0.0293066035956144,0
2023-04-14,0.0294109005481004,0.0294109005481004,0.0294637605547904,0.0290697664022445,0.0294109005481004,0
2023-04-17,0.0291205588728189,0.0291205588728189,0.0292056053876876,0.028982987627387,0.0291205588728189,0
2023-04-18,0.0289981141686439,0.0289981141686439,0.0292354896664619,0.0289855077862739,0.0289981141686439,0
2023-04-19,0.0291715301573276,0.0291715301573276,0.0292226765304803,0.0289838276803493,0.0291715301573276,0
2023-04-20,0.0290520302951335,0.0290520302951335,0.0291928183287382,0.0289855077862739,0.0290520302951335,0
2023-04-21,0.0291545204818248,0.0291545204818248,0.0291800405830144,0.0290191527456045,0.0291545204818248,0
2023-04-24,0.0291146244853734,0.0291146244853734,0.0291120819747447,0.0289687141776084,0.0291146244853734,0
2023-04-25,0.0291630197316408,0.0291630197316408,0.0292158462107181,0.0290275756269693,0.0291630197316408,0
2023-04-26,0.0291460212320089,0.0291460212320089,0.0293703004717826,0.0290951412171125,0.0291460212320089,0
2023-04-27,0.0292997360229492,0.0292997360229492,0.0293858367949724,0.0292312204837799,0.0292997360229492,0
2023-04-28,0.0293375588953495,0.0293375588953495,0.0293918829411268,0.0292397662997245,0.0293375588953495,0
2023-05-01,0.0292997360229492,0.0292997360229492,0.0293349754065275,0.029188560321927,0.0292997360229492,0
2023-05-02,0.0292448960244655,0.0292448960244655,0.0293616782873868,0.0292056053876876,0.0292448960244655,0
2023-05-03,0.0293513350188732,0.0293513350188732,0.029472442343831,0.0293392799794673,0.0293513350188732,0
2023-05-04,0.0295420996844768,0.0295420996844768,0.0296384096145629,0.0295246541500091,0.0295420996844768,0
2023-05-05,0.0296033173799514,0.0296033173799514,0.029735354706645,0.0294785238802433,0.0296033173799514,0
2023-05-08,0.0295333713293075,0.0295333713293075,0.0296033173799514,0.0294022504240274,0.0295333713293075,0
2023-05-09,0.0295770466327667,0.0295770466327667,0.029735354706645,0.0295159369707107,0.0295770466327667,0
2023-05-10,0.0297000315040349,0.0297000315040349,0.0298632271587848,0.0296454411000013,0.0297000315040349,0
2023-05-11,0.029735354706645,0.029735354706645,0.0297973770648241,0.0295595601201057,0.029735354706645,0
2023-05-12,0.0296015609055757,0.0296015609055757,0.0295822974294424,0.0294117648154497,0.0296015609055757,0
2023-05-15,0.0295159369707107,0.0295159369707107,0.0297185666859149,0.0294898264110088,0.0295159369707107,0
2023-05-16,0.0296208541840314,0.0296208541840314,0.0296823997050523,0.0293685756623744,0.0296208541840314,0
2023-05-17,0.0293435845524072,0.0293435845524072,0.0293513350188732,0.0291205588728189,0.0293435845524072,0
2023-05-18,0.0291970800608396,0.0291970800608396,0.0293255150318145,0.0290191527456045,0.0291970800608396,0
2023-05-19,0.0290613193064928,0.0290613193064928,0.029157917946577,0.0289737489074468,0.0290613193064928,0
2023-05-22,0.0291732307523489,0.0291732307523489,0.0292056053876876,0.0289687141776084,0.0291732307523489,0
2023-05-23,0.0290191527456045,0.0290191527456045,0.0290528777986764,0.0287852603942155,0.0290191527456045,0
2023-05-24,0.0288933832198381,0.0288933832198381,0.0290520302951335,0.0288517028093338,0.0288933832198381,0
2023-05-25,0.0288550332188606,0.0288550332188606,0.0289351847022771,0.0287687014788389,0.0288550332188606,0
2023-05-26,0.0287943799048662,0.0287943799048662,0.0289184488356113,0.0287521574646234,0.0287943799048662,0
2023-05-29,0.0287935510277748,0.0287935510277748,0.0288517028093338,0.0286680813878774,0.0287935510277748,0
2023-05-30,0.028810141608119,0.028810141608119,0.0289017353206872,0.0286689028143882,0.028810141608119,0
2023-05-31,0.0288184434175491,0.0288184434175491,0.0288933832198381,0.028727376833558,0.0288184434175491,0
2023-06-01,0.0288766957819461,0.0288766957819461,0.0289393719285726,0.028665617108345,0.0288766957819461,0
2023-06-02,0.0289184488356113,0.0289184488356113,0.0290023200213909,0.0287769790738821,0.0289184488356113,0
2023-06-05,0.0287026409059762,0.0287026409059762,0.0288051627576351,0.0286450870335102,0.0287026409059762,0
2023-06-06,0.0287687014788389,0.0287687014788389,0.0288184434175491,0.0286944061517715,0.0287687014788389,0
2023-06-07,0.0287910625338554,0.0287910625338554,0.028840884566307,0.028727376833558,0.0287910625338554,0
2023-06-08,0.0287331547588109,0.0287331547588109,0.0288858730345964,0.0286442674696445,0.0287331547588109,0
2023-06-09,0.0288992282003164,0.0288992282003164,0.0289511010050773,0.0288517028093338,0.0288992282003164,0
2023-06-12,0.0289100892841815,0.0289100892841815,0.0289603248238563,0.0287935510277748,0.0289100892841815,0
2023-06-13,0.0288933832198381,0.0288933832198381,0.0290334746241569,0.0288176126778125,0.0288933832198381,0
2023-06-14,0.0288433823734521,0.0288433823734521,0.0289201233536005,0.028810141608119,0.0288433823734521,0
2023-06-15,0.0288700275123119,0.0288700275123119,0.0289151053875684,0.0286779478192329,0.0288700275123119,0
2023-06-16,0.0289184488356113,0.0289184488356113,0.0289469100534915,0.028810141608119,0.0289184488356113,0
2023-06-19,0.0288350638002157,0.0288350638002157,0.0288433823734521,0.0287438910454511,0.0288350638002157,0
2023-06-20,0.0287877488881349,0.0287877488881349,0.0288517028093338,0.0286861732602119,0.0287877488881349,0
2023-06-21,0.0287207756191492,0.0287207756191492,0.0287356320768594,0.0286532938480377,0.0287207756191492,0
2023-06-22,0.0287595987319946,0.0287595987319946,0.0287604257464408,0.0284738056361675,0.0287595987319946,0
2023-06-23,0.0284859705716371,0.0284859705716371,0.0285152122378349,0.0283502973616123,0.0284859705716371,0
2023-06-26,0.0284090898931026,0.0284090898931026,0.0284656975418329,0.0283519048243761,0.0284090898931026,0
2023-06-27,0.0283929575234651,0.0283929575234651,0.028457598760724,0.0283446721732616,0.0283929575234651,0
2023-06-28,0.0283527076244354,0.0283527076244354,0.0283687934279441,0.028058361262083,0.0283527076244354,0
2023-06-29,0.0280977804213762,0.0280977804213762,0.0281301867216825,0.0279947370290756,0.0280977804213762,0
2023-06-30,0.0280741173774003,0.0280741173774003,0.0283832885324955,0.0280159134417772,0.0280741173774003,0
2023-07-03,0.0283286124467849,0.0283286124467849,0.0286204926669597,0.028320588171482,0.0283286124467849,0
2023-07-04,0.0285469610244035,0.0285469610244035,0.0287249013781547,0.0284900292754173,0.0285469610244035,0
2023-07-05,0.0286952294409275,0.0286952294409275,0.028727376833558,0.0285877641290426,0.0286952294409275,0
2023-07-06,0.0286008454859256,0.0286008454859256,0.0286123026162385,0.0283768437802791,0.0286008454859256,0
2023-07-07,0.0284252408891916,0.0284252408891916,0.0285689812153577,0.028336638584733,0.0284252408891916,0
2023-07-10,0.0284656975418329,0.0284656975418329,0.0285306703299283,0.028391346335411,0.0284656975418329,0
2023-07-11,0.0285388119518756,0.0285388119518756,0.0288035031408071,0.0285144001245498,0.0285388119518756,0
2023-07-12,0.0287769790738821,0.0287769790738821,0.0288808662444353,0.0285388119518756,0.0287769790738821,0
2023-07-13,0.0288650263100862,0.0288650263100862,0.0290023200213909,0.0288292448967695,0.0288650263100862,0
2023-07-14,0.0289435610175132,0.0289435610175132,0.0289661977440118,0.0288109723478555,0.0289435610175132,0
2023-07-17,0.0288766957819461,0.0288766957819461,0.0289435610175132,0.0288043338805437,0.0288766957819461,0
2023-07-18,0.0289100892841815,0.0289100892841815,0.0294663645327091,0.0289017353206872,0.0289100892841815,0
2023-07-19,0.0293685756623744,0.0293685756623744,0.0294785238802433,0.0292568746954202,0.0293685756623744,0
2023-07-20,0.0294169560074806,0.0294169560074806,0.0296252388507127,0.0292056053876876,0.0294169560074806,0
2023-07-21,0.0292483195662498,0.0292483195662498,0.0292568746954202,0.02901241928339,0.0292483195662498,0
2023-07-24,0.0290697664022445,0.0290697664022445,0.0291120819747447,0.0289376974105834,0.0290697664022445,0
2023-07-25,0.0289435610175132,0.0289435610175132,0.0290866773575544,0.0289017353206872,0.0289435610175132,0
2023-07-26,0.0290799103677272,0.0290799103677272,0.0292397662997245,0.0289519391953945,0.0290799103677272,0
2023-07-27,0.0292192623019218,0.0292192623019218,0.029417822137475,0.0290023200213909,0.0292192623019218,0
2023-07-28,0.0290242079645395,0.0290242079645395,0.0292312204837799,0.0289351847022771,0.0290242079645395,0
2023-07-31,0.0292056053876876,0.0292056053876876,0.0293418616056442,0.0291536692529916,0.029188560321927,0
2023-08-01,0.0292090196162462,0.0292090196162462,0.0292997360229492,0.0290579404681921,0.0292090196162462,0
2023-08-02,0.0291630197316408,0.0291630197316408,0.0292226765304803,0.0289678741246461,0.0291630197316408,0
2023-08-03,0.0290275756269693,0.0290275756269693,0.029080756008625,0.0288259182125329,0.0290275756269693,0
2023-08-04,0.0289351847022771,0.0289351847022771,0.0289544556289911,0.0287339817732572,0.0289351847022771,0
2023-08-07,0.0288766957819461,0.0288766957819461,0.0288967248052358,0.028671370819211,0.0288766957819461,0
2023-08-08,0.0287191271781921,0.0287191271781921,0.028727376833558,0.0285225324332714,0.0287191271781921,0
2023-08-09,0.0285714287310838,0.0285714287310838,0.0286976974457502,0.0285144001245498,0.0285714287310838,0
2023-08-10,0.0285266004502773,0.0285266004502773,0.0286869946867227,0.0284478832036256,0.0285266004502773,0
2023-08-11,0.0284738056361675,0.0284738056361675,0.0285738762468099,0.0284252408891916,0.0284738056361675,0
2023-08-14,0.0285022091120481,0.0285022091120481,0.0284997709095478,0.0283045563846826,0.0285022091120481,0
2023-08-15,0.0283848997205495,0.0283848997205495,0.0284115131944417,0.0282198879867792,0.0283848997205495,0
2023-08-16,0.0282406099140644,0.0282406099140644,0.0283398516476154,0.0281801279634237,0.0282406099140644,0
2023-08-17,0.0281936321407556,0.0281936321407556,0.0282997526228427,0.0280946213752031,0.0281936321407556,0
2023-08-18,0.0281936321407556,0.0281936321407556,0.0283069610595703,0.0281690135598182,0.0281936321407556,0
2023-08-21,0.0282725486904382,0.0282725486904382,0.0284900292754173,0.0282725486904382,0.0282725486904382,0
2023-08-22,0.0284171644598245,0.0284171644598245,0.0286450870335102,0.0284252408891916,0.0284171644598245,0
2023-08-23,0.0285551100969314,0.0285551100969314,0.0286927577108144,0.0284738056361675,0.0285551100969314,0
2023-08-24,0.0286508332937955,0.0286508332937955,0.028727376833558,0.0285388119518756,0.0286508332937955,0
2023-08-25,0.0285795927047729,0.0285795927047729,0.0285877641290426,0.0284252408891916,0.0285795927047729,0
2023-08-28,0.0285168383270502,0.0285168383270502,0.0285192802548408,0.028336638584733,0.0285168383270502,0
2023-08-29,0.0283848997205495,0.0283848997205495,0.0285795927047729,0.0283607505261898,0.0283848997205495,0
2023-08-30,0.0285714287310838,0.0285714287310838,0.0286336038261652,0.0284656975418329,0.0285714287310838,0
2023-08-31,0.0285755116492509,0.0285755116492509,0.0286779478192329,0.0285477750003337,0.0285755116492509,0
2023-09-01,0.0285697970539331,0.0285697970539331,0.0286927577108144,0.0284567885100841,0.0285697970539331,0
2023-09-04,0.0284900292754173,0.0284900292754173,0.0285347420722246,0.0283527076244354,0.0284900292754173,0
2023-09-05,0.0283599440008401,0.0283599440008401,0.0283776503056287,0.0281769502907991,0.0283599440008401,0
2023-09-06,0.0282127242535352,0.0282127242535352,0.0282406099140644,0.0280898883938789,0.0282127242535352,0
2023-09-07,0.0281286053359508,0.0281286053359508,0.0281531531363725,0.0280497036874294,0.0281286053359508,0
2023-09-08,0.0280646607279777,0.0280646607279777,0.0282047651708126,0.0280630867928266,0.0280646607279777,0
2023-09-11,0.0281690135598182,0.0281690135598182,0.0282406099140644,0.0280977804213762,0.0281690135598182,0
2023-09-12,0.0281690135598182,0.0281690135598182,0.0281610824167728,0.0279900338500738,0.0281690135598182,0
2023-09-13,0.0280977804213762,0.0280977804213762,0.028113579377532,0.0279485750943422,0.0280977804213762,0
2023-09-14,0.0279798526316881,0.0279798526316881,0.0280662346631288,0.027919702231884,0.0279798526316881,0
2023-09-15,0.0279485750943422,0.0279485750943422,0.0280441977083683,0.0279072355479002,0.0279485750943422,0
2023-09-18,0.0280033610761165,0.0280033610761165,0.0280741173774003,0.0279642064124345,0.0280033610761165,0
2023-09-19,0.0280386935919523,0.0280386935919523,0.028058361262083,0.0277700647711753,0.0280386935919523,0
2023-09-20,0.0277708359062671,0.0277708359062671,0.0278466213494539,0.0275459326803684,0.0277708359062671,0
2023-09-21,0.0276014357805252,0.0276014357805252,0.027726175263524,0.0275421403348445,0.0276014357805252,0
2023-09-22,0.0276854932308197,0.0276854932308197,0.0278629157692194,0.0275938175618648,0.0276854932308197,0
2023-09-25,0.0278009437024593,0.0278009437024593,0.0278629157692194,0.0276625156402587,0.0278009437024593,0
2023-09-26,0.0276671089231967,0.0276671089231967,0.0276793632656335,0.0274047665297985,0.0276671089231967,0
2023-09-27,0.0274747926741838,0.0274747926741838,0.0274800769984722,0.0272903405129909,0.0274747926741838,0
2023-09-28,0.0272702500224113,0.0272702500224113,0.0273567866533994,0.0271584149450063,0.0272702500224113,0
2023-09-29,0.0273478087037801,0.0273478087037801,0.0275125876069068,0.0272925775498151,0.0273478087037801,0
2023-10-02,0.0272672735154628,0.0272672735154628,0.0272695031017065,0.0270401835441589,0.0272672735154628,0
2023-10-03,0.0270095095038414,0.0270095095038414,0.0270760580897331,0.0269164517521858,0.0270095095038414,0
2023-10-04,0.0269614458084106,0.0269614458084106,0.0271002706140279,0.0268600601702928,0.0269614458084106,0
2023-10-05,0.0270885247737169,0.0270885247737169,0.0271886903792619,0.0269752647727727,0.0270885247737169,0
2023-10-06,0.0270745903253555,0.0270745903253555,0.0271503031253814,0.0268947351723909,0.0270745903253555,0
2023-10-09,0.0270709265023469,0.0270709265023469,0.0270789880305528,0.0269382018595933,0.0270709265023469,0
2023-10-10,0.0270929280668497,0.0270929280668497,0.0273455660790205,0.0270709265023469,0.0270929280668497,0
2023-10-11,0.0273500531911849,0.0273500531911849,0.0275406222790479,0.0273575354367494,0.0273500531911849,0
2023-10-12,0.0274574421346187,0.0274574421346187,0.0277284830808639,0.0274574421346187,0.0274574421346187,0
2023-10-13,0.0274732839316129,0.0274732839316129,0.0276686418801546,0.0273642744868993,0.0274732839316129,0
2023-10-16,0.02763575874269,0.02763575874269,0.0276525747030973,0.0274815876036882,0.02763575874269,0
2023-10-17,0.0275527648627758,0.0275527648627758,0.0275930576026439,0.0274167899042367,0.0275527648627758,0
2023-10-18,0.0275027491152286,0.0275027491152286,0.0276067703962326,0.0274581965059041,0.0275027491152286,0
2023-10-19,0.0275262203067541,0.0275262203067541,0.0275300070643425,0.0273957606405019,0.0275262203067541,0
2023-10-20,0.0275072902441024,0.0275072902441024,0.0275110732764005,0.0273522958159446,0.0275072902441024,0
2023-10-23,0.0273747611790895,0.0273747611790895,0.0275330394506454,0.0273044984787702,0.0273747611790895,0
2023-10-24,0.0275565590709447,0.0275565590709447,0.0277161840349435,0.027547450736165,0.0275565590709447,0
2023-10-25,0.027654867619276,0.027654867619276,0.0277346353977918,0.0276151541620492,0.027654867619276,0
2023-10-26,0.0276090539991855,0.0276090539991855,0.0276197306811809,0.0274846088141202,0.0276090539991855,0
2023-10-27,0.0276090539991855,0.0276090539991855,0.0276640485972166,0.0275709945708513,0.0276090539991855,0
2023-10-30,0.0277023669332265,0.0277023669332265,0.0279017854481935,0.027654867619276,0.0277023669332265,0
2023-10-31,0.027847396209836,0.027847396209836,0.0278978925198316,0.0276778284460306,0.027847396209836,0
2023-11-01,0.0277008321136236,0.0277008321136236,0.027706203982234,0.0275254603475332,0.0277008321136236,0
2023-11-02,0.0277677495032548,0.0277677495032548,0.0279111322015523,0.0277469474822282,0.0277677495032548,0
2023-11-03,0.0278094504028558,0.0278094504028558,0.0282047651708126,0.0277662090957164,0.0278094504028558,0
2023-11-06,0.0281547363847494,0.0281547363847494,0.0282725486904382,0.0281159486621618,0.0281547363847494,0
2023-11-07,0.0281769502907991,0.0281769502907991,0.0282246675342321,0.0280504897236824,0.0281769502907991,0
2023-11-08,0.0281713940203189,0.0281713940203189,0.0282182972878217,0.0280741173774003,0.0281713940203189,0
2023-11-09,0.0281452294439077,0.0281452294439077,0.0282565709203481,0.0280741173774003,0.0281452294439077,0
2023-11-10,0.0279602967202663,0.0279602967202663,0.0279876850545406,0.0277546495199203,0.0279602967202663,0
2023-11-13,0.0277177225798368,0.0277177225798368,0.027847396209836,0.0276625156402587,0.0277177225798368,0
2023-11-14,0.0277854949235916,0.0277854949235916,0.0281293950974941,0.0276808943599462,0.0277854949235916,0
2023-11-15,0.0281713940203189,0.0281713940203189,0.0282334350049495,0.0280418395996093,0.0281713940203189,0
2023-11-16,0.0281682219356298,0.0281682219356298,0.0284729953855276,0.0280057117342948,0.0281682219356298,0
2023-11-17,0.028413126245141,0.028413126245141,0.0285795927047729,0.0283527076244354,0.028413126245141,0
2023-11-20,0.0284859705716371,0.0284859705716371,0.028563268482685,0.0283519048243761,0.0284859705716371,0
2023-11-21,0.0284470748156309,0.0284470748156309,0.028563268482685,0.0283873155713081,0.0284470748156309,0
2023-11-22,0.0284754261374473,0.0284754261374473,0.0285022091120481,0.0283286124467849,0.0284754261374473,0
2023-11-23,0.0283784568309783,0.0283784568309783,0.0284171644598245,0.0283286124467849,0.0283784568309783,0
2023-11-24,0.028349494561553,0.028349494561553,0.0283527076244354,0.0281610824167728,0.028349494561553,0
2023-11-27,0.0282701477408409,0.0282701477408409,0.0285388119518756,0.0282549746334552,0.0282701477408409,0
2023-11-28,0.0285763274878263,0.0285763274878263,0.0288184434175491,0.0285551100969314,0.0285763274878263,0
2023-11-29,0.0288517028093338,0.0288517028093338,0.0289351847022771,0.0286450870335102,0.0288517028093338,0
2023-11-30,0.0287339817732572,0.0287339817732572,0.028747197240591,0.0282709468156099,0.0287339817732572,0
2023-12-01,0.028363162651658,0.028363162651658,0.0286541171371936,0.0283077619969844,0.028363162651658,0
2023-12-04,0.0287910625338554,0.0287910625338554,0.0288433823734521,0.0283519048243761,0.0287910625338554,0
2023-12-05,0.0283969901502132,0.0283969901502132,0.0284957122057676,0.0283045563846826,0.0283969901502132,0
2023-12-06,0.0283768437802791,0.0283768437802791,0.0285640843212604,0.0283607505261898,0.0283768437802791,0
2023-12-07,0.0284115131944417,0.0284115131944417,0.0284957122057676,0.0282557718455791,0.0284115131944417,0
2023-12-08,0.0284819137305021,0.0284819137305021,0.028542885556817,0.0281531531363725,0.0284819137305021,0
2023-12-11,0.0281991977244615,0.0281991977244615,0.0282485857605934,0.0279485750943422,0.0281991977244615,0
2023-12-12,0.0280269049108028,0.0280269049108028,0.02818807028234,0.0279618594795465,0.0280269049108028,0
2023-12-13,0.0280504897236824,0.0280504897236824,0.0280962027609348,0.02791035361588,0.0280504897236824,0
2023-12-14,0.0285005830228328,0.0285005830228328,0.0287604257464408,0.0283986013382673,0.0285005830228328,0
2023-12-15,0.028669724240899,0.028669724240899,0.0287811197340488,0.0285869482904672,0.028669724240899,0
2023-12-18,0.0286106672137975,0.0286106672137975,0.0286615081131458,0.0285469610244035,0.0286106672137975,0
2023-12-19,0.0286204926669597,0.0286204926669597,0.0287695284932851,0.0285583734512329,0.0286204926669597,0
2023-12-20,0.0287108793854713,0.0287108793854713,0.0287125315517187,0.0285983942449092,0.0287108793854713,0
2023-12-21,0.0286098476499319,0.0286098476499319,0.0287769790738821,0.0285714287310838,0.0286098476499319,0
2023-12-22,0.0288309063762426,0.0288309063762426,0.0290368478745222,0.0287769790738821,0.0288309063762426,0
2023-12-25,0.0290748383849859,0.0290748383849859,0.0291655734181404,0.0288575310260057,0.0290748383849859,0
2023-12-26,0.0289787873625755,0.0289787873625755,0.028977109119296,0.0288433823734521,0.0289787873625755,0
2023-12-27,0.0290098916739225,0.0290098916739225,0.029188560321927,0.0289184488356113,0.0290098916739225,0
2023-12-28,0.029244041070342,0.029244041070342,0.0293410010635852,0.0291630197316408,0.029244041070342,0
2023-12-29,0.0291630197316408,0.0291630197316408,0.0292997360229492,0.0290385335683822,0.0291630197316408,0
2024-01-01,0.0290528777986764,0.0290528777986764,0.0291036088019609,0.0290528777986764,0.0290528777986764,0
2024-01-02,0.0291324350982904,0.0291324350982904,0.0293255150318145,0.0290951412171125,0.0291324350982904,0
2024-01-03,0.0292312204837799,0.0292312204837799,0.0292560197412967,0.0289519391953945,0.0292312204837799,0
2024-01-04,0.0290360059589147,0.0290360059589147,0.0290680769830942,0.0288933832198381,0.0290360059589147,0
2024-01-05,0.0289947539567947,0.0289947539567947,0.0290368478745222,0.0286426283419132,0.0289947539567947,0
2024-01-08,0.0288708601146936,0.0288708601146936,0.0289268158376216,0.0285005830228328,0.0288708601146936,0
2024-01-09,0.0286204926669597,0.0286204926669597,0.0287422388792037,0.0285730604082345,0.0286204926669597,0
2024-01-10,0.0286418050527572,0.0286418050527572,0.0286549385637044,0.0284090898931026,0.0286418050527572,0
2024-01-11,0.0285608191043138,0.0285608191043138,0.0286426283419132,0.0283929575234651,0.0285608191043138,0
2024-01-12,0.0285820458084344,0.0285820458084344,0.0286976974457502,0.0284689404070377,0.0285820458084344,0
2024-01-15,0.0286147613078355,0.0286147613078355,0.0286450870335102,0.028563268482685,0.0286147613078355,0
2024-01-16,0.028604120016098,0.028604120016098,0.028604120016098,0.0282406099140644,0.028604120016098,0
2024-01-17,0.0282597616314888,0.0282597616314888,0.0282565709203481,0.0280221924185752,0.0282597616314888,0
2024-01-18,0.0281096268445253,0.0281096268445253,0.0282230749726295,0.0280331913381814,0.0281096268445253,0
2024-01-19,0.0281452294439077,0.0281452294439077,0.0282374192029237,0.0280819982290267,0.0281452294439077,0
2024-01-22,0.0281452294439077,0.0281452294439077,0.0282246675342321,0.0280269049108028,0.0281452294439077,0
2024-01-23,0.0281064677983522,0.0281064677983522,0.0281713940203189,0.0279720276594162,0.0281064677983522,0
2024-01-24,0.0280559994280338,0.0280559994280338,0.0281293950974941,0.0278714559972286,0.0280559994280338,0
2024-01-25,0.0280033610761165,0.0280033610761165,0.028058361262083,0.027936864644289,0.0280033610761165,0
2024-01-26,0.0279876850545406,0.0279876850545406,0.0281658396124839,0.027961079031229,0.0279876850545406,0
2024-01-29,0.0280875209718942,0.0280875209718942,0.0282238721847534,0.0280426256358623,0.0280875209718942,0
2024-01-30,0.0282246675342321,0.0282246675342321,0.0283639654517173,0.0282238721847534,0.0282246675342321,0
2024-01-31,0.0282877422869205,0.0282877422869205,0.0283832885324955,0.0281515680253505,0.0282877422869205,0
2024-02-01,0.0281301867216825,0.0281301867216825,0.0283454749733209,0.028113579377532,0.0281301867216825,0
2024-02-02,0.0283302161842584,0.0283302161842584,0.0284900292754173,0.028113579377532,0.0283302161842584,0
2024-02-05,0.0281096268445253,0.0281096268445253,0.0281072575598955,0.0278862230479717,0.0281096268445253,0
2024-02-06,0.0279642064124345,0.0279642064124345,0.0281706005334854,0.0279251597821712,0.0279642064124345,0
2024-02-07,0.0281293950974941,0.0281293950974941,0.0282143149524927,0.0280552115291357,0.0281293950974941,0
2024-02-08,0.0281833056360483,0.0281833056360483,0.0281293950974941,0.02783964574337,0.0281833056360483,0
2024-02-09,0.0279095713049173,0.0279095713049173,0.0279501378536224,0.0277978554368019,0.0279095713049173,0
2024-02-12,0.0278768949210643,0.0278768949210643,0.0279228221625089,0.0278164111077785,0.0278768949210643,0
2024-02-13,0.0278776735067367,0.0278776735067367,0.0280678123235702,0.0277277156710624,0.0278776735067367,0
2024-02-14,0.027730019763112,0.027730019763112,0.0277477167546749,0.0276243090629577,0.027730019763112,0
2024-02-15,0.0277354046702384,0.0277354046702384,0.0277708359062671,0.0276365261524915,0.0277354046702384,0
2024-02-16,0.0277469474822282,0.0277469474822282,0.0277901273220777,0.02766022272408,0.0277469474822282,0
2024-02-19,0.0278202816843986,0.0278202816843986,0.0278730113059282,0.0277238711714744,0.0278202816843986,0
2024-02-20,0.0276854932308197,0.0276854932308197,0.0278520509600639,0.0276372898370027,0.0276854932308197,0
2024-02-21,0.0277932193130254,0.0277932193130254,0.0279407650232315,0.0277238711714744,0.0277932193130254,0
2024-02-22,0.0279010068625211,0.0279010068625211,0.0279955193400383,0.0278009437024593,0.0279010068625211,0
2024-02-23,0.0278318952769041,0.0278318952769041,0.0278699025511741,0.0276854932308197,0.0278318952769041,0
2024-02-26,0.0278264731168746,0.0278264731168746,0.0279329624027013,0.0277700647711753,0.0278264731168746,0
2024-02-27,0.027831120416522,0.027831120416522,0.0279642064124345,0.0278086774051189,0.027831120416522,0
2024-02-28,0.0278706792742013,0.0278706792742013,0.0279329624027013,0.027720795944333,0.0278706792742013,0
2024-02-29,0.0278133172541856,0.0278133172541856,0.0279649887233972,0.0277577303349971,0.0278133172541856,0
2024-03-01,0.0279095713049173,0.0279095713049173,0.0279298387467861,0.0277700647711753,0.0279095713049173,0
2024-03-04,0.0279353018850088,0.0279353018850088,0.0280080679804086,0.027889335528016,0.0279353018850088,0
2024-03-05,0.0280104205012321,0.0280104205012321,0.0280025769025087,0.0278776735067367,0.0280104205012321,0
2024-03-06,0.0279509183019399,0.0279509183019399,0.0281191132962703,0.0278908908367156,0.0279509183019399,0
2024-03-07,0.0281001478433609,0.0281001478433609,0.028192838653922,0.0280504897236824,0.0281001478433609,0
2024-03-08,0.0281753633171319,0.0281753633171319,0.0283382460474967,0.028113579377532,0.0281753633171319,0
2024-03-11,0.0282501839101314,0.0282501839101314,0.0282885450869798,0.0281769502907991,0.0282501839101314,0
2024-03-12,0.0282565709203481,0.0282565709203481,0.0282645560801029,0.0279501378536224,0.0282565709203481,0
2024-03-13,0.0279884692281484,0.0279884692281484,0.0281080473214387,0.0279720276594162,0.0279884692281484,0
2024-03-14,0.0280796345323324,0.0280796345323324,0.0281246490776538,0.0279329624027013,0.0280796345323324,0
2024-03-15,0.0279642064124345,0.0279642064124345,0.027980638667941,0.027847396209836,0.0279642064124345,0
2024-03-18,0.0278551522642374,0.0278551522642374,0.0278862230479717,0.0277854949235916,0.0278551522642374,0
2024-03-19,0.0278009437024593,0.0278009437024593,0.0278241522610187,0.0277008321136236,0.0278009437024593,0
2024-03-20,0.0277392510324716,0.0277392510324716,0.0277824085205793,0.0276243090629577,0.0277392510324716,0
2024-03-21,0.0278419684618711,0.0278419684618711,0.0278932228684425,0.0275254603475332,0.0278419684618711,0
2024-03-22,0.0275550410151481,0.0275550410151481,0.027589252218604,0.0274100247770547,0.0275550410151481,0
2024-03-25,0.027518643066287,0.027518643066287,0.0276113431900739,0.0274273175746202,0.027518643066287,0
2024-03-26,0.0275178868323564,0.0275178868323564,0.0276014357805252,0.0274642277508974,0.0275178868323564,0
2024-03-27,0.0275406222790479,0.0275406222790479,0.0275527648627758,0.0274025164544582,0.0275406222790479,0
2024-03-28,0.0274725258350372,0.0274725258350372,0.0275103170424699,0.0273740123957395,0.0274725258350372,0
2024-03-29,0.0275027491152286,0.0275027491152286,0.0275725144892931,0.0273785069584846,0.0275027491152286,0
2024-04-01,0.0274702627211809,0.0274702627211809,0.0275345556437969,0.0273000262677669,0.0274702627211809,0
2024-04-02,0.027329871430993,0.027329871430993,0.0273530464619398,0.0272553842514753,0.027329871430993,0
2024-04-03,0.0273433234542608,0.0273433234542608,0.0273582860827446,0.0272034835070371,0.0273433234542608,0
2024-04-04,0.0273358467966318,0.0273358467966318,0.0273620262742042,0.0272182896733284,0.0273358467966318,0
2024-04-05,0.0272642988711595,0.0272642988711595,0.0273702647536993,0.0271488297730684,0.0272642988711595,0
2024-04-08,0.0272776875644922,0.0272776875644922,0.0273522958159446,0.0271872095763683,0.0272776875644922,0
2024-04-09,0.0272553842514753,0.0272553842514753,0.0275755561888217,0.0272257011383771,0.0272553842514753,0
2024-04-10,0.0275254603475332,0.0275254603475332,0.0275884885340929,0.0272680167108774,0.0275254603475332,0
2024-04-11,0.0272338557988405,0.0272338557988405,0.0274506565183401,0.0271968226879835,0.0272338557988405,0
2024-04-12,0.0274642277508974,0.0274642277508974,0.0275292489677667,0.0273074824362993,0.0274642277508974,0
2024-04-15,0.0273074824362993,0.0273074824362993,0.0273156873881816,0.0271591525524854,0.0273074824362993,0
2024-04-16,0.0272034835070371,0.0272034835070371,0.0273463129997253,0.0271274726837873,0.0272034835070371,0
2024-04-17,0.0272732228040695,0.0272732228040695,0.0273074824362993,0.0271076168864965,0.0272732228040695,0
2024-04-18,0.0271960832178592,0.0271960832178592,0.0272717364132404,0.0271532535552978,0.0271960832178592,0
2024-04-19,0.0271768663078546,0.0271768663078546,0.0271761287003755,0.0271002706140279,0.0271768663078546,0
2024-04-22,0.0271223224699497,0.0271223224699497,0.0271296799182891,0.0269614458084106,0.0271149668842554,0
2024-04-23,0.0269774459302425,0.0269774459302425,0.0271304156631231,0.0269636251032352,0.0269774459302425,0
2024-04-24,0.027109820395708,0.027109820395708,0.0271525159478187,0.0269614458084106,0.027109820395708,0
2024-04-25,0.0269971117377281,0.0269971117377281,0.0270540807396173,0.0269034188240766,0.0269971117377281,0
2024-04-26,0.0270219147205352,0.0270219147205352,0.0271171741187572,0.026983268558979,0.0270219147205352,0
2024-04-29,0.0270401835441589,0.0270401835441589,0.02705261670053,0.026968715712428,0.0270401835441589,0
2024-04-30,0.0270277578383684,0.0270277578383684,0.0270270276814699,0.0269106570631265,0.0270277578383684,0
2024-05-01,0.0268990751355886,0.0268990751355886,0.0269949249923229,0.0268384329974651,0.0268990751355886,0
2024-05-02,0.0270533487200737,0.0270533487200737,0.0271488297730684,0.0269905533641576,0.0270533487200737,0
2024-05-03,0.0271739140152931,0.0271739140152931,0.0274514090269804,0.0271473564207553,0.0271739140152931,0
2024-05-06,0.0272331144660711,0.0272331144660711,0.0272933207452297,0.0271872095763683,0.0272034835070371,0
2024-05-07,0.027210883796215,0.027210883796215,0.0272486973553895,0.0271002706140279,0.027210883796215,0
2024-05-08,0.0270709265023469,0.0270709265023469,0.0271157007664442,0.0270138848572969,0.0270709265023469,0
2024-05-09,0.0270870588719844,0.0270870588719844,0.0272249598056077,0.0270416438579559,0.0270870588719844,0
2024-05-10,0.0272479560226202,0.0272479560226202,0.0272776875644922,0.0271591525524854,0.0272479560226202,0
2024-05-13,0.0271812994033098,0.0271812994033098,0.0272776875644922,0.0271517764776945,0.0271812994033098,0
2024-05-14,0.0271916463971138,0.0271916463971138,0.0273695159703493,0.0271584149450063,0.0271916463971138,0
2024-05-15,0.0273545421659946,0.0273545421659946,0.0275103170424699,0.0273373406380414,0.0273545421659946,0
2024-05-16,0.0275785997509956,0.0275785997509956,0.0277554206550121,0.0275633968412876,0.0275785997509956,0
2024-05-17,0.0276319440454244,0.0276319440454244,0.0277638938277959,0.0275413822382688,0.0276319440454244,0
2024-05-20,0.0276854932308197,0.0276854932308197,0.0279095713049173,0.0276090539991855,0.0276854932308197,0
2024-05-21,0.0276816617697477,0.0276816617697477,0.0276854932308197,0.0275012385100126,0.0276816617697477,0
2024-05-22,0.0275072902441024,0.0275072902441024,0.0275398641824722,0.0274197962135076,0.0275072902441024,0
2024-05-23,0.0274047665297985,0.0274047665297985,0.0274514090269804,0.0273000262677669,0.0274047665297985,0
2024-05-24,0.0272985361516475,0.0272985361516475,0.027317926287651,0.027210883796215,0.0272985361516475,0
2024-05-27,0.0272925775498151,0.0272925775498151,0.0273702647536993,0.027273965999484,0.0272925775498151,0
2024-05-28,0.0273597817867994,0.0273597817867994,0.0273905079811811,0.0272925775498151,0.0273597817867994,0
2024-05-29,0.0273425728082656,0.0273425728082656,0.0273403320461511,0.0271665304899215,0.0273425728082656,0
2024-05-30,0.0271886903792619,0.0271886903792619,0.0272940658032894,0.0270562767982482,0.0271886903792619,0
2024-05-31,0.027262071147561,0.027262071147561,0.0272925775498151,0.0271517764776945,0.027262071147561,0
2024-06-03,0.027210883796215,0.027210883796215,0.0273156873881816,0.0270929280668497,0.027210883796215,0
2024-06-04,0.0273425728082656,0.0273425728082656,0.0274152848869562,0.0272851288318634,0.0273425728082656,0
2024-06-05,0.0273567866533994,0.0273567866533994,0.0273972600698471,0.0272331144660711,0.0273567866533994,0
2024-06-06,0.0273448191583156,0.0273448191583156,0.0274710170924663,0.0273373406380414,0.0273448191583156,0
2024-06-07,0.0274763014167547,0.0274763014167547,0.0275330394506454,0.0271739140152931,0.0274763014167547,0
2024-06-10,0.0270929280668497,0.0270929280668497,0.0272642988711595,0.0270643308758735,0.0270929280668497,0
2024-06-11,0.0272405352443456,0.0272405352443456,0.0272851288318634,0.0271805599331855,0.0272405352443456,0
2024-06-12,0.0272420179098844,0.0272420179098844,0.0274846088141202,0.0272034835070371,0.0272420179098844,0
2024-06-13,0.0273074824362993,0.0273074824362993,0.02738225646317,0.0271591525524854,0.0273074824362993,0
2024-06-14,0.0272116251289844,0.0272116251289844,0.0273007713258266,0.0271739140152931,0.0272116251289844,0
2024-06-17,0.0272628124803304,0.0272628124803304,0.0273022633045911,0.027137042954564,0.0272628124803304,0
2024-06-18,0.0271665304899215,0.0271665304899215,0.0272851288318634,0.027137042954564,0.0271665304899215,0
2024-06-19,0.0272910874336957,0.0272910874336957,0.0273552909493446,0.0272257011383771,0.0272910874336957,0
2024-06-20,0.0272724796086549,0.0272724796086549,0.0273030083626508,0.0271886903792619,0.0272724796086549,0
2024-06-21,0.0272353421896696,0.0272353421896696,0.0273164324462413,0.0271960832178592,0.0272353421896696,0
2024-06-24,0.0272034835070371,0.0272034835070371,0.027329871430993,0.0271680075675249,0.0272034835070371,0
2024-06-25,0.0273238979279994,0.0273238979279994,0.0273672677576541,0.0272257011383771,0.0273238979279994,0
2024-06-26,0.0272257011383771,0.0272257011383771,0.0272435005754232,0.0270709265023469,0.0272257011383771,0
2024-06-27,0.0270760580897331,0.0270760580897331,0.0272464714944362,0.0270365271717309,0.0270760580897331,0
2024-06-28,0.0271591525524854,0.0271591525524854,0.0273015201091766,0.0271002706140279,0.0271591525524854,0
2024-07-01,0.0272702500224113,0.0272702500224113,0.0272925775498151,0.027195343747735,0.0272702500224113,0
2024-07-02,0.0272368248552083,0.0272368248552083,0.0272383075207471,0.0271355677396059,0.0272368248552083,0
2024-07-03,0.0271665304899215,0.0271665304899215,0.0273642744868993,0.0271179098635911,0.0271665304899215,0
2024-07-04,0.0272963028401136,0.0272963028401136,0.0273680165410041,0.0272776875644922,0.0272963028401136,0
2024-07-05,0.0273000262677669,0.0273000262677669,0.0274401120841503,0.0273030083626508,0.0273000262677669,0
2024-07-08,0.0273972600698471,0.0273972600698471,0.0275247022509574,0.0274047665297985,0.0273972600698471,0
2024-07-09,0.0274800769984722,0.0274800769984722,0.027518643066287,0.0274197962135076,0.0274800769984722,0
2024-07-10,0.0274649821221828,0.0274649821221828,0.0275747962296009,0.0274333376437425,0.0274649821221828,0
2024-07-11,0.0275330394506454,0.0275330394506454,0.0286672599613666,0.0275254603475332,0.0275330394506454,0
2024-07-12,0.0277554206550121,0.0277554206550121,0.0287447161972522,0.027586206793785,0.0277554206550121,0
2024-07-15,0.0276395790278911,0.0276395790278911,0.0278598088771104,0.0275938175618648,0.0276395790278911,0
2024-07-16,0.0276931598782539,0.0276931598782539,0.0277770068496465,0.027586206793785,0.0276931598782539,0
2024-07-17,0.0277963075786829,0.0277963075786829,0.0279462300240993,0.0277623534202575,0.0277963075786829,0
2024-07-18,0.0278807803988456,0.0278807803988456,0.0278916675597429,0.0277469474822282,0.0278807803988456,0
2024-07-19,0.0276701711118221,0.0276701711118221,0.0276709366589784,0.0275103170424699,0.0276701711118221,0
2024-07-22,0.0275633968412876,0.0275633968412876,0.0276060085743665,0.027500482276082,0.0275633968412876,0
2024-07-23,0.0275482106953859,0.0275482106953859,0.0276808943599462,0.0275345556437969,0.0275482106953859,0
2024-07-24,0.0276701711118221,0.0276701711118221,0.0278520509600639,0.0276395790278911,0.0276701711118221,0
2024-07-25,0.0277023669332265,0.0277023669332265,0.0277546495199203,0.0275922957807779,0.0277023669332265,0
2024-07-26,0.0276166815310716,0.0276166815310716,0.0278916675597429,0.0275785997509956,0.0276166815310716,0
2024-07-29,0.0278009437024593,0.0278009437024593,0.0279173646122217,0.0277623534202575,0.0278009437024593,0
2024-07-30,0.0278318952769041,0.0278318952769041,0.0278582572937011,0.0277315583080053,0.0278318952769041,0
2024-07-31,0.0279033426195383,0.0279033426195383,0.0281848926097154,0.0278559308499097,0.0279033426195383,0
2024-08-01,0.0281690135598182,0.0281690135598182,0.0282326377928257,0.0280749034136533,0.0281690135598182,0
2024-08-02,0.0281112063676118,0.0281112063676118,0.0285070855170488,0.0280819982290267,0.0281112063676118,0
2024-08-05,0.0283446721732616,0.0283446721732616,0.0285477750003337,0.0282406099140644,0.028320588171482,0
2024-08-06,0.0281690135598182,0.0281690135598182,0.0282885450869798,0.0280977804213762,0.0281690135598182,0
2024-08-07,0.0282541736960411,0.0282541736960411,0.0282469913363456,0.0280033610761165,0.0282541736960411,0
2024-08-08,0.0281056761741638,0.0281056761741638,0.0284115131944417,0.0280954129993915,0.0281056761741638,0
2024-08-09,0.0283607505261898,0.0283607505261898,0.0284511223435401,0.0283286124467849,0.0283607505261898,0
2024-08-12,0.0283929575234651,0.0283929575234651,0.0284600276499986,0.0283446721732616,0.0283929575234651,0
2024-08-13,0.0285453293472528,0.0285453293472528,0.0286221299320459,0.0284333247691392,0.0285453293472528,0
2024-08-14,0.0286418050527572,0.0286418050527572,0.0287306793034076,0.0285306703299283,0.0286418050527572,0
2024-08-15,0.0285168383270502,0.0285168383270502,0.0286787692457437,0.0284220110625028,0.0285168383270502,0
2024-08-16,0.0285355560481548,0.0285355560481548,0.0288309063762426,0.0284397937357425,0.0285355560481548,0
2024-08-19,0.0289184488356113,0.0289184488356113,0.0291053019464015,0.0288766957819461,0.0289184488356113,0
2024-08-20,0.0291383787989616,0.0291383787989616,0.029348749667406,0.0290782209485769,0.0291383787989616,0
2024-08-21,0.0292997360229492,0.0292997360229492,0.0293832439929246,0.0291205588728189,0.0292997360229492,0
2024-08-22,0.0291630197316408,0.0291630197316408,0.0292286556214094,0.028904240578413,0.0291630197316408,0
2024-08-23,0.0289939101785421,0.0289939101785421,0.0294967852532863,0.0289687141776084,0.0289939101785421,0
2024-08-26,0.029455080628395,0.029455080628395,0.0295333713293075,0.0293772015720605,0.029455080628395,0
2024-08-27,0.0294377375394105,0.0294377375394105,0.0294377375394105,0.0293083246797323,0.0294377375394105,0
2024-08-28,0.02948634698987,0.02948634698987,0.0294967852532863,0.0293169151991605,0.02948634698987,0
2024-08-29,0.0293746143579483,0.0293746143579483,0.0295263957232236,0.0293599516153335,0.0293746143579483,0
2024-08-30,0.0295072291046381,0.0295072291046381,0.0297973770648241,0.0293754767626523,0.0295072291046381,0
2024-09-02,0.0294811334460973,0.0294811334460973,0.0293815191835165,0.0292107257992029,0.0293599516153335,0
2024-09-03,0.0292654391378164,0.0292654391378164,0.0296357758343219,0.0291375294327735,0.0292654391378164,0
2024-09-04,0.0291911140084266,0.0291911140084266,0.0295063592493534,0.0291596204042434,0.0291911140084266,0
2024-09-05,0.0294576846063137,0.0294576846063137,0.0303306020796298,0.0293996594846248,0.0294576846063137,0
2024-09-06,0.0297787431627511,0.0297787431627511,0.0300869513303041,0.0297265164554119,0.0297787431627511,0
2024-09-09,0.0296797547489404,0.0296797547489404,0.0297442004084587,0.0294290762394666,0.0296797547489404,0
2024-09-10,0.0295255258679389,0.0295255258679389,0.0297185666859149,0.0294715743511915,0.0295255258679389,0
2024-09-11,0.0297362376004457,0.0297362376004457,0.0303241647779941,0.0295473337173461,0.0297362376004457,0
2024-09-12,0.0295945536345243,0.0295945536345243,0.0301595423370599,0.0295805484056472,0.0295945536345243,0
2024-09-13,0.029954470694065,0.029954470694065,0.0304108504205942,0.0299490876495838,0.029954470694065,0
2024-09-16,0.0300996303558349,0.0300996303558349,0.030251694843173,0.0300300307571887,0.0300996303558349,0
2024-09-17,0.0300751887261867,0.0300751887261867,0.0301077850162982,0.0299670379608869,0.0300751887261867,0
2024-09-18,0.0299625471234321,0.0299625471234321,0.0301368217915296,0.0299311578273773,0.0299625471234321,0
2024-09-19,0.0299643408507108,0.0299643408507108,0.0309033021330833,0.0298373866826295,0.0299643408507108,0
2024-09-20,0.030202355235815,0.030202355235815,0.0303757470101118,0.0301659107208251,0.030202355235815,0
2024-09-23,0.0303398072719573,0.0303398072719573,0.0313214510679245,0.0302938520908355,0.0303398072719573,0
2024-09-24,0.0303766727447509,0.0303766727447509,0.0307465270161628,0.0303067062050104,0.0303766727447509,0
2024-09-25,0.0307097006589174,0.0307097006589174,0.0308099947869777,0.0305530093610286,0.0307097006589174,0
2024-09-26,0.0305157154798507,0.0305157154798507,0.0313450135290622,0.03050640784204,0.0305157154798507,0
2024-09-27,0.0308966189622879,0.0308966189622879,0.0315248556435108,0.0307777523994445,0.0308966189622879,0
2024-09-30,0.0309119019657373,0.0309119019657373,0.0311264675110578,0.0308928024023771,0.0309119019657373,0
