Date,cabai
2022-01-01,57.250212243435975
2022-01-02,64.75843679995215
2022-01-03,69.45107714777478
2022-01-04,77.8978297738555
2022-01-05,68.51254907821026
2022-01-06,68.51254907821026
2022-01-07,65.69696486951669
2022-01-08,55.37315610430692
2022-01-09,70.38960521733931
2022-01-10,62.88138066082311
2022-01-11,61.942852591258585
2022-01-12,67.57402100864574
2022-01-13,63.819908730387645
2022-01-14,58.18874031300049
2022-01-15,56.31168417387144
2022-01-16,65.69696486951669
2022-01-17,56.31168417387144
2022-01-18,61.00432452169405
2022-01-19,54.4346280347424
2022-01-20,64.75843679995215
2022-01-21,61.942852591258585
2022-01-22,52.55757189561334
2022-01-23,64.75843679995215
2022-01-24,76.95930170429098
2022-01-25,70.38960521733931
2022-01-26,59.12726838256501
2022-01-27,60.06579645212955
2022-01-28,58.18874031300049
2022-01-29,50.680515756484304
2022-01-30,61.00432452169405
2022-01-31,62.88138066082311
2022-02-01,61.00432452169405
2022-02-02,59.12726838256501
2022-02-03,59.12726838256501
2022-02-04,59.12726838256501
2022-02-05,50.680515756484304
2022-02-06,70.38960521733931
2022-02-07,73.20518942603287
2022-02-08,70.38960521733931
2022-02-09,73.20518942603287
2022-02-10,65.69696486951669
2022-02-11,56.31168417387144
2022-02-12,59.12726838256501
2022-02-13,67.57402100864574
2022-02-14,82.59047012167812
2022-02-15,91.97575081732334
2022-02-16,83.52899819124265
2022-02-17,89.1601666086298
2022-02-18,81.65194205211358
2022-02-19,63.819908730387645
2022-02-20,76.02077363472645
2022-02-21,93.8528069564524
2022-02-22,85.40605433037167
2022-02-23,81.65194205211358
2022-02-24,80.71341398254907
2022-02-25,80.71341398254907
2022-02-26,73.20518942603287
2022-02-27,61.00432452169405
2022-02-28,81.65194205211358
2022-03-01,91.03722274775882
2022-03-02,74.1437174955974
2022-03-03,80.71341398254907
2022-03-04,83.52899819124265
2022-03-05,64.75843679995215
2022-03-06,74.1437174955974
2022-03-07,81.65194205211358
2022-03-08,81.65194205211358
2022-03-09,86.34458239993623
2022-03-10,80.71341398254907
2022-03-11,76.02077363472645
2022-03-12,73.20518942603287
2022-03-13,76.02077363472645
2022-03-14,77.8978297738555
2022-03-15,71.32813328690382
2022-03-16,76.02077363472645
2022-03-17,76.02077363472645
2022-03-18,76.95930170429098
2022-03-19,78.83635784342002
2022-03-20,62.88138066082311
2022-03-21,72.26666135646835
2022-03-22,76.02077363472645
2022-03-23,78.83635784342002
2022-03-24,82.59047012167812
2022-03-25,61.00432452169405
2022-03-26,61.00432452169405
2022-03-27,75.08224556516193
2022-03-28,70.38960521733931
2022-03-29,77.8978297738555
2022-03-30,76.95930170429098
2022-03-31,64.75843679995215
2022-04-01,60.06579645212955
2022-04-02,56.31168417387144
2022-04-03,59.12726838256501
2022-04-04,58.18874031300049
2022-04-05,64.75843679995215
2022-04-06,70.38960521733931
2022-04-07,68.51254907821026
2022-04-08,61.942852591258585
2022-04-09,56.31168417387144
2022-04-10,64.75843679995215
2022-04-11,66.6354929390812
2022-04-12,61.00432452169405
2022-04-13,66.6354929390812
2022-04-14,58.18874031300049
2022-04-15,61.00432452169405
2022-04-16,50.680515756484304
2022-04-17,59.12726838256501
2022-04-18,62.88138066082311
2022-04-19,56.31168417387144
2022-04-20,61.942852591258585
2022-04-21,55.37315610430692
2022-04-22,61.00432452169405
2022-04-23,46.926403478226206
2022-04-24,54.4346280347424
2022-04-25,59.12726838256501
2022-04-26,51.61904382604882
2022-04-27,51.61904382604882
2022-04-28,45.049347339097146
2022-04-29,45.98787540866167
2022-04-30,42.23376313040357
2022-05-01,48.80345961735526
2022-05-02,32.848482434758346
2022-05-03,35.66406664345191
2022-05-04,44.11081926953264
2022-05-05,42.23376313040357
2022-05-06,46.926403478226206
2022-05-07,45.049347339097146
2022-05-08,46.926403478226206
2022-05-09,53.49609996517788
2022-05-10,46.926403478226206
2022-05-11,61.00432452169405
2022-05-12,53.49609996517788
2022-05-13,57.250212243435975
2022-05-14,48.80345961735526
2022-05-15,52.55757189561334
2022-05-16,59.12726838256501
2022-05-17,64.75843679995215
2022-05-18,58.18874031300049
2022-05-19,58.18874031300049
2022-05-20,57.250212243435975
2022-05-21,57.250212243435975
2022-05-22,54.4346280347424
2022-05-23,66.6354929390812
2022-05-24,57.250212243435975
2022-05-25,58.18874031300049
2022-05-26,61.00432452169405
2022-05-27,55.37315610430692
2022-05-28,45.049347339097146
2022-05-29,62.88138066082311
2022-05-30,57.250212243435975
2022-05-31,61.942852591258585
2022-06-01,60.06579645212955
2022-06-02,64.75843679995215
2022-06-03,52.55757189561334
2022-06-04,56.31168417387144
2022-06-05,61.00432452169405
2022-06-06,70.38960521733931
2022-06-07,67.57402100864574
2022-06-08,69.45107714777478
2022-06-09,75.08224556516193
2022-06-10,74.1437174955974
2022-06-11,67.57402100864574
2022-06-12,69.45107714777478
2022-06-13,69.45107714777478
2022-06-14,71.32813328690382
2022-06-15,73.20518942603287
2022-06-16,78.83635784342002
2022-06-17,70.38960521733931
2022-06-18,60.06579645212955
2022-06-19,66.6354929390812
2022-06-20,71.32813328690382
2022-06-21,67.57402100864574
2022-06-22,66.6354929390812
2022-06-23,71.32813328690382
2022-06-24,59.12726838256501
2022-06-25,62.88138066082311
2022-06-26,61.00432452169405
2022-06-27,63.819908730387645
2022-06-28,65.69696486951669
2022-06-29,63.819908730387645
2022-06-30,58.18874031300049
2022-07-01,51.61904382604882
2022-07-02,62.88138066082311
2022-07-03,69.0
2022-07-04,62.0
2022-07-05,65.0
2022-07-06,63.0
2022-07-07,59.0
2022-07-08,55.99999999999999
2022-07-09,46.0
2022-07-10,50.0
2022-07-11,67.0
2022-07-12,65.0
2022-07-13,77.99999999999999
2022-07-14,70.0
2022-07-15,63.0
2022-07-16,52.0
2022-07-17,70.0
2022-07-18,64.0
2022-07-19,71.99999999999999
2022-07-20,77.99999999999999
2022-07-21,71.99999999999999
2022-07-22,69.0
2022-07-23,70.99999999999999
2022-07-24,70.0
2022-07-25,75.99999999999999
2022-07-26,76.99999999999999
2022-07-27,83.0
2022-07-28,84.99999999999999
2022-07-29,61.0
2022-07-30,67.0
2022-07-31,68.0
2022-08-01,84.99999999999999
2022-08-02,82.0
2022-08-03,92.0
2022-08-04,83.0
2022-08-05,62.0
2022-08-06,61.0
2022-08-07,69.0
2022-08-08,86.99999999999999
2022-08-09,82.0
2022-08-10,88.99999999999999
2022-08-11,78.99999999999999
2022-08-12,66.0
2022-08-13,66.0
2022-08-14,68.0
2022-08-15,77.99999999999999
2022-08-16,61.0
2022-08-17,63.0
2022-08-18,77.99999999999999
2022-08-19,73.99999999999999
2022-08-20,55.99999999999999
2022-08-21,80.0
2022-08-22,77.99999999999999
2022-08-23,85.99999999999999
2022-08-24,86.99999999999999
2022-08-25,82.0
2022-08-26,74.99999999999999
2022-08-27,65.0
2022-08-28,70.99999999999999
2022-08-29,78.99999999999999
2022-08-30,100.0
2022-08-31,95.0
2022-09-01,78.99999999999999
2022-09-02,73.99999999999999
2022-09-03,65.0
2022-09-04,83.0
2022-09-05,89.99999999999999
2022-09-06,85.99999999999999
2022-09-07,83.99999999999999
2022-09-08,86.99999999999999
2022-09-09,70.99999999999999
2022-09-10,70.0
2022-09-11,80.0
2022-09-12,86.99999999999999
2022-09-13,92.0
2022-09-14,78.99999999999999
2022-09-15,85.99999999999999
2022-09-16,85.99999999999999
2022-09-17,71.99999999999999
2022-09-18,93.0
2022-09-19,72.99999999999999
2022-09-20,88.99999999999999
2022-09-21,96.0
2022-09-22,87.99999999999999
2022-09-23,77.99999999999999
2022-09-24,71.99999999999999
2022-09-25,77.99999999999999
2022-09-26,89.99999999999999
2022-09-27,87.99999999999999
2022-09-28,87.99999999999999
2022-09-29,78.99999999999999
2022-09-30,74.99999999999999
2022-10-01,64.0
2022-10-02,72.99999999999999
2022-10-03,80.0
2022-10-04,78.99999999999999
2022-10-05,80.0
2022-10-06,78.99999999999999
2022-10-07,75.99999999999999
2022-10-08,72.99999999999999
2022-10-09,78.99999999999999
2022-10-10,93.0
2022-10-11,87.99999999999999
2022-10-12,78.99999999999999
2022-10-13,88.99999999999999
2022-10-14,73.99999999999999
2022-10-15,72.99999999999999
2022-10-16,81.0
2022-10-17,82.0
2022-10-18,89.99999999999999
2022-10-19,86.99999999999999
2022-10-20,91.0
2022-10-21,75.99999999999999
2022-10-22,61.0
2022-10-23,89.99999999999999
2022-10-24,92.0
2022-10-25,78.99999999999999
2022-10-26,76.99999999999999
2022-10-27,84.99999999999999
2022-10-28,74.99999999999999
2022-10-29,70.99999999999999
2022-10-30,70.99999999999999
2022-10-31,88.99999999999999
2022-11-01,95.0
2022-11-02,94.0
2022-11-03,83.99999999999999
2022-11-04,85.99999999999999
2022-11-05,69.0
2022-11-06,82.0
2022-11-07,77.99999999999999
2022-11-08,81.0
2022-11-09,86.99999999999999
2022-11-10,75.99999999999999
2022-11-11,73.99999999999999
2022-11-12,70.99999999999999
2022-11-13,77.99999999999999
2022-11-14,82.0
2022-11-15,88.99999999999999
2022-11-16,87.99999999999999
2022-11-17,81.0
2022-11-18,70.99999999999999
2022-11-19,70.99999999999999
2022-11-20,72.99999999999999
2022-11-21,78.99999999999999
2022-11-22,71.99999999999999
2022-11-23,82.0
2022-11-24,70.99999999999999
2022-11-25,56.99999999999999
2022-11-26,65.0
2022-11-27,57.99999999999999
2022-11-28,69.0
2022-11-29,99.0
2022-11-30,76.99999999999999
2022-12-01,68.0
2022-12-02,62.0
2022-12-03,56.99999999999999
2022-12-04,70.0
2022-12-05,71.99999999999999
2022-12-06,74.99999999999999
2022-12-07,77.99999999999999
2022-12-08,92.0
2022-12-09,62.0
2022-12-10,60.00000000000001
2022-12-11,62.0
2022-12-12,80.0
2022-12-13,66.0
2022-12-14,62.0
2022-12-15,56.99999999999999
2022-12-16,62.0
2022-12-17,57.99999999999999
2022-12-18,47.99999999999999
2022-12-19,57.99999999999999
2022-12-20,62.0
2022-12-21,49.0
2022-12-22,56.99999999999999
2022-12-23,52.0
2022-12-24,54.0
2022-12-25,47.99999999999999
2022-12-26,53.0
2022-12-27,91.0
2022-12-28,55.99999999999999
2022-12-29,53.0
2022-12-30,56.99999999999999
2022-12-31,44.99999999999999
2023-01-01,50.0
2023-01-02,66.28567406015777
2023-01-03,61.866629122813926
2023-01-04,64.51805608522024
2023-01-05,58.331393172938846
2023-01-06,60.09901114787638
2023-01-07,56.5637751980013
2023-01-08,66.28567406015777
2023-01-09,71.5885279849704
2023-01-10,66.28567406015777
2023-01-11,62.75043811028269
2023-01-12,64.51805608522024
2023-01-13,65.401865072689
2023-01-14,60.09901114787638
2023-01-15,73.35614595990793
2023-01-16,73.35614595990793
2023-01-17,66.28567406015777
2023-01-18,76.00757292231424
2023-01-19,62.75043811028269
2023-01-20,68.05329203509532
2023-01-21,60.09901114787638
2023-01-22,53.91234823559499
2023-01-23,60.98282013534514
2023-01-24,76.00757292231424
2023-01-25,69.82091001003285
2023-01-26,68.05329203509532
2023-01-27,66.28567406015777
2023-01-28,58.331393172938846
2023-01-29,61.866629122813926
2023-01-30,75.12376393484547
2023-01-31,77.77519089725179
2023-02-01,77.77519089725179
2023-02-02,73.35614595990793
2023-02-03,65.401865072689
2023-02-04,64.51805608522024
2023-02-05,68.05329203509532
2023-02-06,81.31042684712688
2023-02-07,75.12376393484547
2023-02-08,79.54280887218933
2023-02-09,71.5885279849704
2023-02-10,59.21520216040761
2023-02-11,69.82091001003285
2023-02-12,76.00757292231424
2023-02-13,73.35614595990793
2023-02-14,72.47233697243917
2023-02-15,83.96185380953318
2023-02-16,86.61328077193949
2023-02-17,68.05329203509532
2023-02-18,55.67996621053253
2023-02-19,80.42661785965811
2023-02-20,84.84566279700195
2023-02-21,88.38089874687702
2023-02-22,81.31042684712688
2023-02-23,80.42661785965811
2023-02-24,82.19423583459564
2023-02-25,57.44758418547007
2023-02-26,72.47233697243917
2023-02-27,83.07804482206443
2023-02-28,76.00757292231424
2023-03-01,80.42661785965811
2023-03-02,74.23995494737672
2023-03-03,78.65899988472056
2023-03-04,63.63424709775147
2023-03-05,67.16948304762654
2023-03-06,86.61328077193949
2023-03-07,81.31042684712688
2023-03-08,79.54280887218933
2023-03-09,81.31042684712688
2023-03-10,71.5885279849704
2023-03-11,60.09901114787638
2023-03-12,72.47233697243917
2023-03-13,73.35614595990793
2023-03-14,76.89138190978302
2023-03-15,82.19423583459564
2023-03-16,69.82091001003285
2023-03-17,74.23995494737672
2023-03-18,61.866629122813926
2023-03-19,72.47233697243917
2023-03-20,72.47233697243917
2023-03-21,62.75043811028269
2023-03-22,55.67996621053253
2023-03-23,54.796157223063766
2023-03-24,63.63424709775147
2023-03-25,65.401865072689
2023-03-26,71.5885279849704
2023-03-27,80.42661785965811
2023-03-28,88.38089874687702
2023-03-29,77.77519089725179
2023-03-30,82.19423583459564
2023-03-31,68.05329203509532
2023-04-01,68.93710102256408
2023-04-02,69.82091001003285
2023-04-03,70.70471899750163
2023-04-04,73.35614595990793
2023-04-05,67.16948304762654
2023-04-06,63.63424709775147
2023-04-07,63.63424709775147
2023-04-08,59.21520216040761
2023-04-09,57.44758418547007
2023-04-10,65.401865072689
2023-04-11,64.51805608522024
2023-04-12,63.63424709775147
2023-04-13,59.21520216040761
2023-04-14,57.44758418547007
2023-04-15,52.144730260657454
2023-04-16,54.796157223063766
2023-04-17,52.144730260657454
2023-04-18,53.91234823559499
2023-04-19,41.53902241103221
2023-04-20,45.958067348376055
2023-04-21,56.5637751980013
2023-04-22,38.887595448625895
2023-04-23,42.422831398500975
2023-04-24,48.60949431078237
2023-04-25,53.91234823559499
2023-04-26,51.26092127318868
2023-04-27,53.91234823559499
2023-04-28,57.44758418547007
2023-04-29,58.331393172938846
2023-04-30,61.866629122813926
2023-05-01,59.21520216040761
2023-05-02,71.5885279849704
2023-05-03,65.401865072689
2023-05-04,60.98282013534514
2023-05-05,60.98282013534514
2023-05-06,54.796157223063766
2023-05-07,67.16948304762654
2023-05-08,68.05329203509532
2023-05-09,74.23995494737672
2023-05-10,73.35614595990793
2023-05-11,65.401865072689
2023-05-12,67.16948304762654
2023-05-13,58.331393172938846
2023-05-14,72.47233697243917
2023-05-15,67.16948304762654
2023-05-16,67.16948304762654
2023-05-17,63.63424709775147
2023-05-18,64.51805608522024
2023-05-19,64.51805608522024
2023-05-20,57.44758418547007
2023-05-21,75.12376393484547
2023-05-22,64.51805608522024
2023-05-23,60.98282013534514
2023-05-24,68.93710102256408
2023-05-25,66.28567406015777
2023-05-26,65.401865072689
2023-05-27,53.028539248126215
2023-05-28,64.51805608522024
2023-05-29,67.16948304762654
2023-05-30,63.63424709775147
2023-05-31,59.21520216040761
2023-06-01,57.44758418547007
2023-06-02,62.75043811028269
2023-06-03,53.91234823559499
2023-06-04,62.75043811028269
2023-06-05,63.63424709775147
2023-06-06,73.35614595990793
2023-06-07,62.75043811028269
2023-06-08,69.82091001003285
2023-06-09,62.75043811028269
2023-06-10,48.60949431078237
2023-06-11,56.5637751980013
2023-06-12,61.866629122813926
2023-06-13,68.05329203509532
2023-06-14,55.67996621053253
2023-06-15,57.44758418547007
2023-06-16,59.21520216040761
2023-06-17,54.796157223063766
2023-06-18,70.70471899750163
2023-06-19,54.796157223063766
2023-06-20,55.67996621053253
2023-06-21,59.21520216040761
2023-06-22,56.5637751980013
2023-06-23,54.796157223063766
2023-06-24,53.028539248126215
2023-06-25,60.09901114787638
2023-06-26,49.49330329825113
2023-06-27,55.67996621053253
2023-06-28,47.72568532331359
2023-06-29,45.958067348376055
2023-06-30,51.26092127318868
2023-07-01,53.91234823559499
2023-07-02,52.144730260657454
2023-07-03,49.49330329825113
2023-07-04,60.52226860223957
2023-07-05,57.8908656195335
2023-07-06,51.75092532655267
2023-07-07,49.996656671415295
2023-07-08,56.13659696439612
2023-07-09,51.75092532655267
2023-07-10,50.87379099898399
2023-07-11,46.48811936114054
2023-07-12,53.50519398169004
2023-07-13,57.8908656195335
2023-07-14,53.50519398169004
2023-07-15,48.24238801627791
2023-07-16,53.50519398169004
2023-07-17,55.25946263682742
2023-07-18,48.24238801627791
2023-07-19,57.8908656195335
2023-07-20,60.52226860223957
2023-07-21,51.75092532655267
2023-07-22,55.25946263682742
2023-07-23,56.13659696439612
2023-07-24,76.31068649847597
2023-07-25,65.78507456765169
2023-07-26,72.80214918820123
2023-07-27,60.52226860223957
2023-07-28,57.8908656195335
2023-07-29,50.87379099898399
2023-07-30,64.03080591251432
2023-07-31,81.57349246388812
2023-08-01,84.20489544659418
2023-08-02,72.80214918820123
2023-08-03,66.66220889522039
2023-08-04,59.64513427467087
2023-08-05,57.01373129196482
2023-08-06,70.17074620549515
2023-08-07,77.18782082604467
2023-08-08,75.43355217090728
2023-08-09,85.95916410173157
2023-08-10,63.153671584945634
2023-08-11,58.76799994710219
2023-08-12,64.03080591251432
2023-08-13,50.87379099898399
2023-08-14,69.29361187792645
2023-08-15,59.64513427467087
2023-08-16,45.61098503357184
2023-08-17,55.25946263682742
2023-08-18,54.38232830925874
2023-08-19,56.13659696439612
2023-08-20,57.8908656195335
2023-08-21,77.18782082604467
2023-08-22,75.43355217090728
2023-08-23,78.06495515361335
2023-08-24,70.17074620549515
2023-08-25,58.76799994710219
2023-08-26,44.73385070600315
2023-08-27,65.78507456765169
2023-08-28,78.06495515361335
2023-08-29,72.80214918820123
2023-08-30,81.57349246388812
2023-08-31,69.29361187792645
2023-09-01,58.76799994710219
2023-09-02,49.996656671415295
2023-09-03,64.03080591251432
2023-09-04,80.69635813631942
2023-09-05,75.43355217090728
2023-09-06,75.43355217090728
2023-09-07,67.53934322278909
2023-09-08,56.13659696439612
2023-09-09,49.11952234384661
2023-09-10,62.27653725737694
2023-09-11,74.5564178433386
2023-09-12,75.43355217090728
2023-09-13,72.80214918820123
2023-09-14,66.66220889522039
2023-09-15,57.8908656195335
2023-09-16,60.52226860223957
2023-09-17,61.39940292980825
2023-09-18,71.04788053306383
2023-09-19,73.67928351576991
2023-09-20,73.67928351576991
2023-09-21,72.80214918820123
2023-09-22,64.03080591251432
2023-09-23,53.50519398169004
2023-09-24,51.75092532655267
2023-09-25,62.27653725737694
2023-09-26,61.39940292980825
2023-09-27,53.50519398169004
2023-09-28,53.50519398169004
2023-09-29,52.62805965412136
2023-09-30,49.11952234384661
2023-10-01,57.01373129196482
2023-10-02,68.41647755035777
2023-10-03,70.17074620549515
2023-10-04,68.41647755035777
2023-10-05,64.90794024008302
2023-10-06,54.38232830925874
2023-10-07,50.87379099898399
2023-10-08,59.64513427467087
2023-10-09,57.8908656195335
2023-10-10,63.153671584945634
2023-10-11,66.66220889522039
2023-10-12,65.78507456765169
2023-10-13,57.8908656195335
2023-10-14,54.38232830925874
2023-10-15,63.153671584945634
2023-10-16,68.41647755035777
2023-10-17,63.153671584945634
2023-10-18,68.41647755035777
2023-10-19,64.03080591251432
2023-10-20,54.38232830925874
2023-10-21,51.75092532655267
2023-10-22,62.27653725737694
2023-10-23,73.67928351576991
2023-10-24,74.5564178433386
2023-10-25,67.53934322278909
2023-10-26,69.29361187792645
2023-10-27,69.29361187792645
2023-10-28,56.13659696439612
2023-10-29,64.03080591251432
2023-10-30,67.53934322278909
2023-10-31,78.06495515361335
2023-11-01,78.06495515361335
2023-11-02,80.69635813631942
2023-11-03,71.92501486063253
2023-11-04,62.27653725737694
2023-11-05,70.17074620549515
2023-11-06,76.31068649847597
2023-11-07,77.18782082604467
2023-11-08,82.4506267914568
2023-11-09,68.41647755035777
2023-11-10,69.29361187792645
2023-11-11,61.39940292980825
2023-11-12,64.03080591251432
2023-11-13,78.06495515361335
2023-11-14,84.20489544659418
2023-11-15,77.18782082604467
2023-11-16,62.27653725737694
2023-11-17,67.53934322278909
2023-11-18,60.52226860223957
2023-11-19,74.5564178433386
2023-11-20,80.69635813631942
2023-11-21,78.06495515361335
2023-11-22,80.69635813631942
2023-11-23,77.18782082604467
2023-11-24,61.39940292980825
2023-11-25,58.76799994710219
2023-11-26,63.153671584945634
2023-11-27,80.69635813631942
2023-11-28,77.18782082604467
2023-11-29,77.18782082604467
2023-11-30,79.81922380875072
2023-12-01,81.57349246388812
2023-12-02,67.53934322278909
2023-12-03,69.29361187792645
2023-12-04,85.08202977416286
2023-12-05,78.06495515361335
2023-12-06,80.69635813631942
2023-12-07,87.71343275686894
2023-12-08,80.69635813631942
2023-12-09,70.17074620549515
2023-12-10,75.43355217090728
2023-12-11,81.57349246388812
2023-12-12,75.43355217090728
2023-12-13,67.53934322278909
2023-12-14,67.53934322278909
2023-12-15,69.29361187792645
2023-12-16,72.80214918820123
2023-12-17,63.153671584945634
2023-12-18,67.53934322278909
2023-12-19,59.64513427467087
2023-12-20,64.03080591251432
2023-12-21,60.52226860223957
2023-12-22,59.64513427467087
2023-12-23,53.50519398169004
2023-12-24,57.01373129196482
2023-12-25,51.75092532655267
2023-12-26,53.50519398169004
2023-12-27,50.87379099898399
2023-12-28,67.53934322278909
2023-12-29,58.76799994710219
2023-12-30,54.38232830925874
2023-12-31,49.11952234384661
2024-01-01,58.76799994710219
2024-01-02,59.64513427467087
2024-01-03,59.36703684433633
2024-01-04,63.43327224463335
2024-01-05,65.05976640475215
2024-01-06,55.30080144403932
2024-01-07,55.30080144403932
2024-01-08,57.74054268421752
2024-01-09,67.49950764493035
2024-01-10,68.31275472498974
2024-01-11,57.74054268421752
2024-01-12,56.92729560415813
2024-01-13,50.421318963682914
2024-01-14,52.86106020386112
2024-01-15,58.55378976427693
2024-01-16,65.87301348481155
2024-01-17,60.99353100445514
2024-01-18,65.87301348481155
2024-01-19,53.67430728392051
2024-01-20,54.48755436397992
2024-01-21,53.67430728392051
2024-01-22,67.49950764493035
2024-01-23,60.99353100445514
2024-01-24,62.62002516457394
2024-01-25,65.87301348481155
2024-01-26,61.80677808451453
2024-01-27,56.92729560415813
2024-01-28,58.55378976427693
2024-01-29,65.05976640475215
2024-01-30,57.74054268421752
2024-01-31,60.99353100445514
2024-02-01,56.92729560415813
2024-02-02,54.48755436397992
2024-02-03,54.48755436397992
2024-02-04,56.11404852409873
2024-02-05,58.55378976427693
2024-02-06,62.62002516457394
2024-02-07,56.92729560415813
2024-02-08,47.98157772350471
2024-02-09,46.355083563385904
2024-02-10,49.60807188362351
2024-02-11,81.32470800594018
2024-02-12,53.67430728392051
2024-02-13,56.11404852409873
2024-02-14,35.78287152261368
2024-02-15,51.23456604374232
2024-02-16,53.67430728392051
2024-02-17,55.30080144403932
2024-02-18,65.05976640475215
2024-02-19,69.93924888510855
2024-02-20,66.68626056487095
2024-02-21,72.37899012528678
2024-02-22,71.56574304522736
2024-02-23,64.24651932469274
2024-02-24,61.80677808451453
2024-02-25,63.43327224463335
2024-02-26,69.12600180504916
2024-02-27,70.75249596516797
2024-02-28,75.63197844552437
2024-02-29,69.12600180504916
2024-03-01,62.62002516457394
2024-03-02,52.86106020386112
2024-03-03,58.55378976427693
2024-03-04,68.31275472498974
2024-03-05,66.68626056487095
2024-03-06,69.12600180504916
2024-03-07,68.31275472498974
2024-03-08,52.86106020386112
2024-03-09,52.04781312380172
2024-03-10,46.355083563385904
2024-03-11,51.23456604374232
2024-03-12,56.92729560415813
2024-03-13,62.62002516457394
2024-03-14,62.62002516457394
2024-03-15,74.81873136546497
2024-03-16,57.74054268421752
2024-03-17,64.24651932469274
2024-03-18,60.18028392439574
2024-03-19,54.48755436397992
2024-03-20,65.05976640475215
2024-03-21,62.62002516457394
2024-03-22,56.92729560415813
2024-03-23,56.11404852409873
2024-03-24,60.18028392439574
2024-03-25,55.30080144403932
2024-03-26,56.92729560415813
2024-03-27,60.18028392439574
2024-03-28,52.04781312380172
2024-03-29,45.5418364833265
2024-03-30,47.98157772350471
2024-03-31,52.86106020386112
2024-04-01,49.60807188362351
2024-04-02,53.67430728392051
2024-04-03,46.355083563385904
2024-04-04,47.98157772350471
2024-04-05,41.47560108302949
2024-04-06,41.47560108302949
2024-04-07,43.915342323207696
2024-04-08,46.355083563385904
2024-04-09,39.84910692291069
2024-04-10,26.837153641960256
2024-04-11,31.716636122316675
2024-04-12,41.47560108302949
2024-04-13,34.15637736249487
2024-04-14,42.28884816308889
2024-04-15,43.915342323207696
2024-04-16,48.79482480356412
2024-04-17,48.79482480356412
2024-04-18,47.98157772350471
2024-04-19,52.04781312380172
2024-04-20,46.355083563385904
2024-04-21,52.04781312380172
2024-04-22,52.86106020386112
2024-04-23,52.86106020386112
2024-04-24,61.80677808451453
2024-04-25,56.92729560415813
2024-04-26,52.04781312380172
2024-04-27,43.1020952431483
2024-04-28,60.18028392439574
2024-04-29,52.86106020386112
2024-04-30,47.168330643445294
2024-05-01,58.55378976427693
2024-05-02,48.79482480356412
2024-05-03,51.23456604374232
2024-05-04,43.1020952431483
2024-05-05,48.79482480356412
2024-05-06,56.92729560415813
2024-05-07,50.421318963682914
2024-05-08,54.48755436397992
2024-05-09,42.28884816308889
2024-05-10,51.23456604374232
2024-05-11,50.421318963682914
2024-05-12,58.55378976427693
2024-05-13,56.92729560415813
2024-05-14,59.36703684433633
2024-05-15,54.48755436397992
2024-05-16,48.79482480356412
2024-05-17,61.80677808451453
2024-05-18,54.48755436397992
2024-05-19,52.04781312380172
2024-05-20,59.36703684433633
2024-05-21,52.04781312380172
2024-05-22,52.86106020386112
2024-05-23,58.55378976427693
2024-05-24,60.99353100445514
2024-05-25,52.04781312380172
2024-05-26,62.62002516457394
2024-05-27,56.92729560415813
2024-05-28,54.48755436397992
2024-05-29,61.80677808451453
2024-05-30,53.67430728392051
2024-05-31,43.915342323207696
2024-06-01,45.5418364833265
2024-06-02,51.23456604374232
2024-06-03,49.60807188362351
2024-06-04,59.36703684433633
2024-06-05,61.80677808451453
2024-06-06,58.55378976427693
2024-06-07,50.421318963682914
2024-06-08,43.1020952431483
2024-06-09,51.23456604374232
2024-06-10,55.30080144403932
2024-06-11,45.5418364833265
2024-06-12,52.04781312380172
2024-06-13,56.11404852409873
2024-06-14,49.60807188362351
2024-06-15,45.5418364833265
2024-06-16,43.915342323207696
2024-06-17,47.168330643445294
2024-06-18,44.72858940326709
2024-06-19,44.72858940326709
2024-06-20,50.421318963682914
2024-06-21,44.72858940326709
2024-06-22,44.72858940326709
2024-06-23,39.84910692291069
2024-06-24,59.36703684433633
2024-06-25,45.5418364833265
2024-06-26,40.66235400297009
2024-06-27,42.28884816308889
2024-06-28,41.47560108302949
2024-06-29,47.168330643445294
2024-06-30,51.23456604374232
2024-07-01,48.79482480356412
2024-07-02,50.421318963682914
2024-07-03,42.28884816308889
2024-07-04,55.89253039756109
2024-07-05,40.64911301640806
2024-07-06,39.802256495232896
2024-07-07,46.57710866463423
2024-07-08,56.73938691873624
2024-07-09,55.04567387638591
2024-07-10,43.18968257993357
2024-07-11,47.42396518580941
2024-07-12,44.03653910110873
2024-07-13,46.57710866463423
2024-07-14,50.81139127051008
2024-07-15,47.42396518580941
2024-07-16,58.43309996108659
2024-07-17,52.50510431286041
2024-07-18,55.89253039756109
2024-07-19,54.19881735521075
2024-07-20,50.81139127051008
2024-07-21,49.96453474933491
2024-07-22,55.04567387638591
2024-07-23,68.5953782151886
2024-07-24,70.28909125753894
2024-07-25,60.973669524612085
2024-07-26,76.21708690576511
2024-07-27,53.35196083403559
2024-07-28,60.973669524612085
2024-07-29,67.74852169401345
2024-07-30,72.82966082106445
2024-07-31,74.52337386341478
2024-08-01,71.1359477787141
2024-08-02,70.28909125753894
2024-08-03,66.90166517283826
2024-08-04,69.44223473636377
2024-08-05,75.37023038458996
2024-08-06,71.98280429988927
2024-08-07,72.82966082106445
2024-08-08,73.67651734223962
2024-08-09,60.12681300343692
2024-08-10,57.58624343991142
2024-08-11,51.65824779168524
2024-08-12,67.74852169401345
2024-08-13,63.5142390881376
2024-08-14,69.44223473636377
2024-08-15,66.90166517283826
2024-08-16,45.73025214345907
2024-08-17,38.10854345288256
2024-08-18,58.43309996108659
2024-08-19,65.20795213048793
2024-08-20,60.12681300343692
2024-08-21,61.82052604578725
2024-08-22,60.973669524612085
2024-08-23,61.82052604578725
2024-08-24,53.35196083403559
2024-08-25,67.74852169401345
2024-08-26,75.37023038458996
2024-08-27,83.83879559634164
2024-08-28,69.44223473636377
2024-08-29,60.973669524612085
2024-08-30,61.82052604578725
2024-08-31,59.27995648226176
2024-09-01,51.65824779168524
2024-09-02,74.52337386341478
2024-09-03,68.5953782151886
2024-09-04,66.90166517283826
2024-09-05,61.82052604578725
2024-09-06,65.20795213048793
2024-09-07,49.96453474933491
2024-09-08,62.66738256696243
2024-09-09,69.44223473636377
2024-09-10,61.82052604578725
2024-09-11,65.20795213048793
2024-09-12,68.5953782151886
2024-09-13,65.20795213048793
2024-09-14,46.57710866463423
2024-09-15,50.81139127051008
2024-09-16,68.5953782151886
2024-09-17,65.20795213048793
2024-09-18,76.21708690576511
2024-09-19,62.66738256696243
2024-09-20,55.89253039756109
2024-09-21,55.89253039756109
2024-09-22,59.27995648226176
2024-09-23,69.44223473636377
2024-09-24,68.5953782151886
2024-09-25,65.20795213048793
2024-09-26,77.91079994811544
2024-09-27,58.43309996108659
2024-09-28,49.96453474933491
2024-09-29,55.89253039756109
2024-09-30,67.74852169401345
