date,price,open,high,low,vol-k,change-%
2024-09-30,3.345,3.302,3.368,3.274,,1.24
2024-09-27,3.304,3.173,3.332,3.145,,20.01
2024-09-26,2.753,2.829,2.883,2.731,,-2.27
2024-09-25,2.817,2.814,2.887,2.795,,0.93
2024-09-24,2.791,2.861,2.895,2.776,,-2.21
2024-09-23,2.854,2.735,2.874,2.728,,4.97
2024-09-20,2.719,2.603,2.743,2.582,,4.78
2024-09-19,2.595,2.568,2.604,2.505,,1.17
2024-09-18,2.565,2.606,2.656,2.56,,-1.84
2024-09-17,2.613,2.645,2.691,2.603,,-0.99
2024-09-16,2.639,2.58,2.656,2.547,,1.93
2024-09-13,2.589,2.638,2.666,2.575,,-1.67
2024-09-12,2.633,2.583,2.666,2.533,,2.17
2024-09-11,2.577,2.538,2.597,2.513,,1.26
2024-09-10,2.545,2.516,2.58,2.497,,0.71
2024-09-09,2.527,2.557,2.581,2.506,,-2.7
2024-09-06,2.597,2.58,2.615,2.561,,0.7
2024-09-05,2.579,2.503,2.614,2.482,,2.91
2024-09-04,2.506,2.541,2.612,2.499,,-1.73
2024-09-03,2.55,2.512,2.571,2.439,,2.08
2024-08-30,2.498,2.535,2.553,2.479,,-1.23
2024-08-29,2.529,2.524,2.552,2.454,,20.6
2024-08-28,2.097,2.085,2.14,2.021,,0.58
2024-08-27,2.085,2.123,2.126,2.045,,-2.11
2024-08-26,2.13,2.16,2.186,2.114,,-2.29
2024-08-23,2.18,2.201,2.211,2.154,,-0.64
2024-08-22,2.194,2.328,2.337,2.167,,-5.19
2024-08-21,2.314,2.333,2.364,2.271,,-0.69
2024-08-20,2.33,2.367,2.401,2.301,,-1.15
2024-08-19,2.357,2.25,2.374,2.225,,4.9
2024-08-16,2.247,2.341,2.343,2.237,,-3.64
2024-08-15,2.332,2.345,2.421,2.317,,-0.47
2024-08-14,2.343,2.288,2.395,2.272,,2.76
2024-08-13,2.28,2.324,2.373,2.267,,-2.65
2024-08-12,2.342,2.311,2.394,2.301,,2.18
2024-08-09,2.292,2.29,2.333,2.247,,0.97
2024-08-08,2.27,2.228,2.321,2.161,,1.38
2024-08-07,2.239,2.133,2.247,2.125,,5.56
2024-08-06,2.121,2.058,2.14,2.015,,3.72
2024-08-05,2.045,2.069,2.083,1.991,,-1.59
2024-08-02,2.078,2.114,2.147,2.041,,-0.86
2024-08-01,2.096,2.158,2.243,2.093,,-3.05
2024-07-31,2.162,2.241,2.261,2.149,,-3.65
2024-07-30,2.244,2.189,2.252,2.113,,10.22
2024-07-29,2.036,2.053,2.102,1.999,,-0.73
2024-07-26,2.051,2.082,2.096,2.039,,-1.01
2024-07-25,2.072,2.161,2.193,2.064,,-3.99
2024-07-24,2.158,2.19,2.208,2.139,,-2.97
2024-07-23,2.224,2.279,2.29,2.16,,-2.71
2024-07-22,2.286,2.145,2.302,2.131,,5.59
2024-07-19,2.165,2.128,2.179,2.095,,-0.14
2024-07-18,2.168,2.088,2.172,2.063,,4.68
2024-07-17,2.071,2.203,2.224,2.055,,-6.12
2024-07-16,2.206,2.189,2.235,2.171,,1.29
2024-07-15,2.178,2.283,2.284,2.167,,-6.56
2024-07-12,2.331,2.287,2.357,2.252,,2.15
2024-07-11,2.282,2.339,2.353,2.277,,-2.69
2024-07-10,2.345,2.366,2.396,2.313,,-0.64
2024-07-09,2.36,2.384,2.454,2.351,,-0.92
2024-07-08,2.382,2.3,2.417,2.3,,1.36
2024-07-05,2.35,2.459,2.466,2.347,,-0.89
2024-07-04,2.371,2.431,2.439,2.335,0.0,-3.11
2024-07-03,2.447,2.485,2.503,2.434,,-0.29
2024-07-02,2.454,2.482,2.497,2.436,,-1.52
2024-07-01,2.492,2.581,2.599,2.474,,-4.08
2024-06-28,2.598,2.694,2.749,2.591,,-2.88
2024-06-27,2.675,2.725,2.773,2.665,,-2.55
2024-06-26,2.745,2.85,2.863,2.731,,-4.12
2024-06-25,2.863,2.943,2.951,2.831,,-2.88
2024-06-24,2.948,2.813,2.953,2.78,,3.95
2024-06-21,2.836,2.838,2.888,2.793,,-0.63
2024-06-20,2.854,2.995,3.027,2.833,,-2.13
2024-06-19,2.916,2.904,2.928,2.859,0.0,-2.47
2024-06-18,2.99,2.87,2.997,2.858,,4.29
2024-06-17,2.867,2.93,2.93,2.837,,-3.24
2024-06-14,2.963,3.0,3.068,2.95,,-2.44
2024-06-13,3.037,3.104,3.167,2.978,,-2.72
2024-06-12,3.122,3.194,3.194,3.073,,-2.22
2024-06-11,3.193,3.046,3.221,3.031,,7.26
2024-06-10,2.977,3.055,3.163,2.945,,-0.63
2024-06-07,2.996,2.883,3.037,2.871,,3.6
2024-06-06,2.892,2.829,2.946,2.796,,2.26
2024-06-05,2.828,2.694,2.854,2.681,,5.92
2024-06-04,2.67,2.814,2.874,2.656,,-4.78
2024-06-03,2.804,2.716,2.85,2.688,,5.33
2024-05-31,2.662,2.647,2.701,2.605,,0.57
2024-05-30,2.647,2.715,2.731,2.637,,-0.71
2024-05-29,2.666,2.836,2.848,2.655,,-5.63
2024-05-28,2.825,2.761,2.853,2.732,,1.62
2024-05-27,2.78,2.747,2.853,2.742,0.0,1.16
2024-05-26,2.748,2.747,2.76,2.732,0.0,-0.9
2024-05-24,2.773,2.938,2.965,2.759,,-5.13
2024-05-23,2.923,3.004,3.161,2.896,,-4.23
2024-05-22,3.052,2.834,3.06,2.786,,7.5
2024-05-21,2.839,2.891,2.945,2.802,,-2.14
2024-05-20,2.901,2.815,2.905,2.785,,4.02
2024-05-17,2.789,2.681,2.809,2.673,,3.8
2024-05-16,2.687,2.622,2.753,2.609,,2.13
2024-05-15,2.631,2.559,2.637,2.542,,2.81
2024-05-14,2.559,2.576,2.61,2.52,,-1.08
2024-05-13,2.587,2.477,2.59,2.447,,4.15
2024-05-10,2.484,2.539,2.567,2.473,,-2.09
2024-05-09,2.537,2.47,2.561,2.438,,2.55
2024-05-08,2.474,2.479,2.533,2.45,,0.12
2024-05-07,2.471,2.476,2.493,2.423,,0.32
2024-05-06,2.463,2.439,2.521,2.396,,1.95
2024-05-03,2.416,2.333,2.43,2.305,,3.65
2024-05-02,2.331,2.263,2.344,2.261,,2.87
2024-05-01,2.266,2.285,2.3,2.255,,-2.29
2024-04-30,2.319,2.394,2.42,2.287,,-2.28
2024-04-29,2.373,2.282,2.391,2.279,,23.4
2024-04-26,1.923,1.977,2.002,1.909,,-3.17
2024-04-25,1.986,1.969,1.993,1.926,,0.35
2024-04-24,1.979,2.128,2.133,1.96,,-5.49
2024-04-23,2.094,2.07,2.14,2.018,,1.4
2024-04-22,2.065,1.988,2.072,1.961,,3.87
2024-04-19,1.988,1.974,2.029,1.951,,0.1
2024-04-18,1.986,1.971,2.004,1.964,,1.22
2024-04-17,1.962,1.94,1.976,1.914,,-1.31
2024-04-16,1.988,1.946,2.046,1.907,,2.16
2024-04-15,1.946,2.035,2.052,1.931,,-4.09
2024-04-12,2.029,2.005,2.043,1.973,,1.45
2024-04-11,2.0,2.061,2.074,1.992,,-3.57
2024-04-10,2.074,2.085,2.118,2.054,,0.48
2024-04-09,2.064,2.046,2.11,2.037,,0.63
2024-04-08,2.051,1.996,2.057,1.975,,2.04
2024-04-05,2.01,2.001,2.036,1.972,,0.65
2024-04-04,1.997,2.068,2.074,1.992,,-3.39
2024-04-03,2.067,2.093,2.136,2.06,,-1.81
2024-04-02,2.105,2.075,2.115,2.018,,1.49
2024-04-01,2.074,1.999,2.088,1.958,,3.86
2024-03-28,1.997,1.954,2.017,1.928,,2.25
2024-03-27,1.953,2.012,2.014,1.943,,9.23
2024-03-26,1.788,1.805,1.83,1.775,,-0.06
2024-03-25,1.789,1.817,1.825,1.758,,-1.27
2024-03-22,1.812,1.838,1.859,1.791,,-1.04
2024-03-21,1.831,1.839,1.855,1.797,,-0.76
2024-03-20,1.845,1.882,1.9,1.824,,-1.65
2024-03-19,1.876,1.844,1.89,1.832,,2.35
2024-03-18,1.833,1.824,1.884,1.801,,2.46
2024-03-15,1.789,1.875,1.893,1.781,,-3.92
2024-03-14,1.862,1.791,1.884,1.761,,4.37
2024-03-13,1.784,1.822,1.833,1.766,,-2.14
2024-03-12,1.823,1.855,1.921,1.8,,-2.09
2024-03-11,1.862,1.92,1.961,1.852,,-3.17
2024-03-08,1.923,1.942,1.955,1.896,,-1.49
2024-03-07,1.952,2.075,2.087,1.926,,-5.79
2024-03-06,2.072,2.088,2.115,2.061,,-1.1
2024-03-05,2.095,2.076,2.152,2.039,,1.06
2024-03-04,2.073,2.012,2.132,2.011,,4.96
2024-03-01,1.975,1.993,2.021,1.948,,-1.64
2024-02-29,2.008,2.044,2.064,1.988,,-2.14
2024-02-28,2.052,1.965,2.071,1.94,,13.5
2024-02-27,1.808,1.751,1.838,1.71,,3.67
2024-02-26,1.744,1.75,1.834,1.716,,2.65
2024-02-23,1.699,1.817,1.819,1.683,,-7.26
2024-02-22,1.832,1.863,1.868,1.752,,-1.66
2024-02-21,1.863,1.792,1.877,1.749,,13.18
2024-02-20,1.646,1.62,1.783,1.6,,5.65
2024-02-19,1.558,1.552,1.583,1.54,0.0,0.45
2024-02-18,1.551,1.527,1.565,1.527,0.0,-7.68
2024-02-16,1.68,1.654,1.704,1.638,,2.0
2024-02-15,1.647,1.672,1.718,1.633,,-1.08
2024-02-14,1.665,1.725,1.744,1.64,,-4.42
2024-02-13,1.742,1.793,1.826,1.707,,-3.22
2024-02-12,1.8,1.841,1.89,1.77,,-4.51
2024-02-09,1.885,1.915,1.921,1.852,,-3.23
2024-02-08,1.948,1.981,1.994,1.9,,-1.62
2024-02-07,1.98,2.0,2.035,1.967,,-1.35
2024-02-06,2.007,2.054,2.072,1.996,,-3.23
2024-02-05,2.074,2.114,2.13,2.045,,-0.58
2024-02-02,2.086,2.067,2.106,2.034,,1.07
2024-02-01,2.064,2.151,2.177,2.047,,-2.69
2024-01-31,2.121,2.112,2.175,2.063,,0.81
2024-01-30,2.104,2.095,2.143,2.082,,2.43
2024-01-29,2.054,2.159,2.166,2.047,,-5.56
2024-01-26,2.175,2.19,2.235,2.093,,-0.23
2024-01-25,2.18,2.288,2.334,2.158,,-3.63
2024-01-24,2.262,2.213,2.29,2.19,,4.38
2024-01-23,2.167,2.133,2.194,2.079,,1.98
2024-01-22,2.125,2.165,2.187,2.114,,-5.64
2024-01-19,2.252,2.42,2.421,2.237,,-6.67
2024-01-18,2.413,2.496,2.496,2.364,,-3.33
2024-01-17,2.496,2.438,2.516,2.402,,0.77
2024-01-16,2.477,2.545,2.545,2.409,,-19.21
2024-01-15,3.066,3.112,3.188,3.055,0.0,-1.45
2024-01-14,3.111,3.104,3.137,3.077,0.0,18.88
2024-01-12,2.617,2.557,2.647,2.543,,3.03
2024-01-11,2.54,2.551,2.644,2.494,,-0.86
2024-01-10,2.562,2.697,2.71,2.535,,-5.01
2024-01-09,2.697,2.565,2.791,2.529,,3.81
2024-01-08,2.598,2.649,2.654,2.43,,-0.88
2024-01-05,2.621,2.58,2.631,2.467,,2.42
2024-01-04,2.559,2.472,2.59,2.467,,4.53
2024-01-03,2.448,2.381,2.503,2.367,,2.6
2024-01-02,2.386,2.398,2.467,2.349,,-10.54
2024-01-01,2.667,2.614,2.67,2.614,0.0,14.61
2023-12-29,2.327,2.371,2.395,2.307,,-2.1
2023-12-28,2.377,2.302,2.392,2.266,,-2.46
2023-12-27,2.437,2.429,2.57,2.429,,0.74
2023-12-26,2.419,2.445,2.445,2.356,,0.04
2023-12-25,2.418,2.425,2.442,2.415,0.0,-2.89
2023-12-22,2.49,2.465,2.501,2.41,,1.26
2023-12-21,2.459,2.331,2.492,2.313,,4.77
2023-12-20,2.347,2.425,2.451,2.317,,-0.8
2023-12-19,2.366,2.429,2.44,2.288,,-2.07
2023-12-18,2.416,2.434,2.509,2.411,,-0.37
2023-12-15,2.425,2.366,2.467,2.327,,3.32
2023-12-14,2.347,2.309,2.374,2.28,,2.4
2023-12-13,2.292,2.225,2.342,2.187,,2.32
2023-12-12,2.24,2.359,2.369,2.223,,-4.68
2023-12-11,2.35,2.408,2.417,2.217,,-6.15
2023-12-08,2.504,2.487,2.534,2.459,,-0.63
2023-12-07,2.52,2.522,2.555,2.436,,0.12
2023-12-06,2.517,2.658,2.707,2.492,,-5.62
2023-12-05,2.667,2.655,2.738,2.632,,0.6
2023-12-04,2.651,2.685,2.704,2.608,,-4.4
2023-12-01,2.773,2.77,2.801,2.712,,0.36
2023-11-30,2.763,2.761,2.814,2.724,,-0.22
2023-11-29,2.769,2.757,2.83,2.728,,-2.4
2023-11-28,2.837,2.947,2.992,2.786,,-3.7
2023-11-27,2.946,2.924,2.956,2.867,,-1.77
2023-11-24,2.999,3.035,3.095,2.933,,2.35
2023-11-23,2.93,2.88,2.938,2.861,0.0,-3.4
2023-11-22,3.033,2.994,3.055,2.961,,1.34
2023-11-21,2.993,3.047,3.084,2.986,,-1.87
2023-11-20,3.05,3.115,3.134,3.04,,-2.59
2023-11-17,3.131,3.227,3.275,3.068,,-3.33
2023-11-16,3.239,3.326,3.407,3.188,,-3.66
2023-11-15,3.362,3.316,3.448,3.269,,1.39
2023-11-14,3.316,3.435,3.465,3.297,,-2.47
2023-11-13,3.4,3.313,3.438,3.311,,3.53
2023-11-10,3.284,3.327,3.343,3.273,,-1.47
2023-11-09,3.333,3.4,3.426,3.299,,-1.65
2023-11-08,3.389,3.496,3.514,3.345,,-2.14
2023-11-07,3.463,3.566,3.593,3.458,,-2.83
2023-11-06,3.564,3.66,3.693,3.556,,-6.09
2023-11-03,3.795,3.794,3.856,3.738,,1.2
2023-11-02,3.75,3.763,3.799,3.673,,-0.08
2023-11-01,3.753,3.84,3.841,3.684,,-1.57
2023-10-31,3.813,3.567,3.865,3.558,,6.24
2023-10-30,3.589,3.639,3.647,3.563,,3.04
2023-10-27,3.483,3.511,3.643,3.435,,0.17
2023-10-26,3.477,3.399,3.544,3.363,,2.99
2023-10-25,3.376,3.331,3.406,3.317,,1.63
2023-10-24,3.322,3.278,3.349,3.253,,1.5
2023-10-23,3.273,3.25,3.297,3.216,,0.46
2023-10-20,3.258,3.324,3.329,3.247,,-2.04
2023-10-19,3.326,3.485,3.498,3.317,,-3.96
2023-10-18,3.463,3.45,3.542,3.441,,-0.14
2023-10-17,3.468,3.481,3.512,3.408,,-0.32
2023-10-16,3.479,3.539,3.539,3.438,,-2.93
2023-10-13,3.584,3.636,3.639,3.535,,-1.51
2023-10-12,3.639,3.659,3.699,3.582,,-0.52
2023-10-11,3.658,3.679,3.725,3.525,,-0.03
2023-10-10,3.659,3.642,3.695,3.603,,0.77
2023-10-09,3.631,3.657,3.756,3.595,,-0.27
2023-10-06,3.641,3.537,3.659,3.521,,3.7
2023-10-05,3.511,3.334,3.547,3.324,,5.75
2023-10-04,3.32,3.307,3.396,3.303,,0.21
2023-10-03,3.313,3.237,3.327,3.216,,2.47
2023-10-02,3.233,3.326,3.333,3.224,,-2.39
2023-09-29,3.312,3.343,3.382,3.255,,-0.84
2023-09-28,3.34,3.29,3.356,3.269,,15.21
2023-09-27,2.899,2.858,2.947,2.85,,1.9
2023-09-26,2.845,2.904,2.906,2.796,,-2.1
2023-09-25,2.906,2.889,2.937,2.862,,0.94
2023-09-22,2.879,2.844,2.912,2.834,,1.37
2023-09-21,2.84,2.925,2.963,2.832,,-2.77
2023-09-20,2.921,3.009,3.016,2.901,,-3.47
2023-09-19,3.026,2.994,3.072,2.975,,0.83
2023-09-18,3.001,2.918,3.009,2.878,,2.35
2023-09-15,2.932,2.987,2.997,2.927,,-1.71
2023-09-14,2.983,3.005,3.088,2.975,,-0.13
2023-09-13,2.987,3.019,3.042,2.953,,-0.93
2023-09-12,3.015,2.949,3.061,2.93,,2.66
2023-09-11,2.937,2.971,2.973,2.909,,-0.98
2023-09-08,2.966,2.946,3.025,2.942,,0.27
2023-09-07,2.958,2.945,3.004,2.901,,0.51
2023-09-06,2.943,2.994,3.018,2.92,,-1.6
2023-09-05,2.991,3.05,3.075,2.976,,13.0
2023-09-04,2.647,2.671,2.708,2.642,0.0,-0.9
2023-09-03,2.671,2.692,2.694,2.652,0.0,-14.14
2023-09-01,3.111,3.136,3.213,3.096,,-1.14
2023-08-31,3.147,3.191,3.242,3.117,,-1.07
2023-08-30,3.181,3.083,3.196,3.039,,19.5
2023-08-29,2.662,2.685,2.699,2.622,,-0.11
2023-08-28,2.665,2.74,2.829,2.653,,0.3
2023-08-25,2.657,2.631,2.679,2.585,,0.8
2023-08-24,2.636,2.583,2.68,2.529,,1.7
2023-08-23,2.592,2.654,2.673,2.57,,-2.26
2023-08-22,2.652,2.732,2.737,2.632,,-3.32
2023-08-21,2.743,2.71,2.797,2.685,,1.93
2023-08-18,2.691,2.763,2.774,2.663,,-2.32
2023-08-17,2.755,2.742,2.795,2.715,,1.06
2023-08-16,2.726,2.78,2.797,2.705,,-1.98
2023-08-15,2.781,2.913,2.961,2.765,,-4.04
2023-08-14,2.898,2.897,2.932,2.851,,0.56
2023-08-11,2.882,2.89,2.939,2.817,,0.42
2023-08-10,2.87,3.062,3.089,2.857,,-5.99
2023-08-09,3.053,2.883,3.096,2.855,,6.6
2023-08-08,2.864,2.828,2.886,2.783,,1.81
2023-08-07,2.813,2.681,2.844,2.674,,4.92
2023-08-04,2.681,2.658,2.72,2.635,,0.41
2023-08-03,2.67,2.592,2.685,2.58,,3.25
2023-08-02,2.586,2.689,2.69,2.57,,-3.22
2023-08-01,2.672,2.747,2.778,2.644,,-2.52
2023-07-31,2.741,2.768,2.804,2.72,,-0.44
2023-07-28,2.753,2.717,2.801,2.682,,6.09
2023-07-27,2.595,2.684,2.691,2.551,,-3.64
2023-07-26,2.693,2.734,2.759,2.65,,-1.97
2023-07-25,2.747,2.707,2.771,2.672,,2.19
2023-07-24,2.688,2.713,2.762,2.661,,-0.7
2023-07-21,2.707,2.718,2.759,2.684,,-0.88
2023-07-20,2.731,2.611,2.759,2.599,,5.65
2023-07-19,2.585,2.612,2.642,2.57,,-1.26
2023-07-18,2.618,2.529,2.634,2.522,,4.55
2023-07-17,2.504,2.541,2.569,2.477,,-1.03
2023-07-14,2.53,2.545,2.592,2.487,,-0.16
2023-07-13,2.534,2.622,2.631,2.528,,-2.43
2023-07-12,2.597,2.697,2.712,2.586,,-3.53
2023-07-11,2.692,2.639,2.716,2.606,,1.93
2023-07-10,2.641,2.566,2.671,2.562,,2.76
2023-07-07,2.57,2.623,2.665,2.526,,-1.12
2023-07-06,2.599,2.637,2.678,2.579,,-1.66
2023-07-05,2.643,2.694,2.78,2.63,,-3.93
2023-07-04,2.751,2.689,2.758,2.662,0.0,1.81
2023-07-03,2.702,2.71,2.728,2.661,,-2.6
2023-06-30,2.774,2.664,2.801,2.629,,3.08
2023-06-29,2.691,2.642,2.734,2.607,,0.86
2023-06-28,2.668,2.807,2.878,2.647,,-4.34
2023-06-27,2.789,2.881,2.895,2.759,,-3.56
2023-06-26,2.892,2.878,2.936,2.828,,1.72
2023-06-23,2.843,2.707,2.852,2.611,,5.14
2023-06-22,2.704,2.675,2.714,2.612,,1.01
2023-06-21,2.677,2.563,2.684,2.527,,4.16
2023-06-20,2.57,2.72,2.783,2.562,,-2.76
2023-06-19,2.643,2.604,2.683,2.569,0.0,1.58
2023-06-18,2.602,2.613,2.623,2.598,0.0,-4.37
2023-06-16,2.721,2.627,2.733,2.594,,4.29
2023-06-15,2.609,2.424,2.639,2.394,,8.12
2023-06-14,2.413,2.403,2.455,2.368,,0.25
2023-06-13,2.407,2.352,2.433,2.344,,3.04
2023-06-12,2.336,2.38,2.401,2.282,,0.21
2023-06-09,2.331,2.402,2.415,2.325,,-4.23
2023-06-08,2.434,2.431,2.469,2.368,,0.04
2023-06-07,2.433,2.381,2.456,2.369,,2.18
2023-06-06,2.381,2.391,2.408,2.294,,0.63
2023-06-05,2.366,2.309,2.435,2.3,,2.91
2023-06-02,2.299,2.28,2.355,2.258,,1.14
2023-06-01,2.273,2.349,2.374,2.244,,-3.6
2023-05-31,2.358,2.395,2.492,2.34,,-2.4
2023-05-30,2.416,2.502,2.534,2.35,,2.85
2023-05-29,2.349,2.434,2.447,2.338,0.0,-3.53
2023-05-28,2.435,2.418,2.441,2.417,0.0,0.74
2023-05-26,2.417,2.463,2.479,2.381,,-2.38
2023-05-25,2.476,2.572,2.607,2.429,,-3.51
2023-05-24,2.566,2.514,2.575,2.495,,3.09
2023-05-23,2.489,2.55,2.568,2.484,,-2.43
2023-05-22,2.551,2.697,2.707,2.512,,-5.76
2023-05-19,2.707,2.735,2.816,2.682,,-0.29
2023-05-18,2.715,2.519,2.755,2.488,,8.21
2023-05-17,2.509,2.524,2.586,2.471,,-0.99
2023-05-16,2.534,2.533,2.63,2.506,,-0.31
2023-05-15,2.542,2.445,2.55,2.417,,4.27
2023-05-12,2.438,2.342,2.495,2.31,,3.97
2023-05-11,2.345,2.331,2.389,2.31,,0.39
2023-05-10,2.336,2.415,2.415,2.315,,-3.75
2023-05-09,2.427,2.416,2.463,2.36,,0.62
2023-05-08,2.412,2.329,2.424,2.32,,3.92
2023-05-05,2.321,2.281,2.349,2.233,,1.04
2023-05-04,2.297,2.347,2.374,2.275,,-2.67
2023-05-03,2.36,2.428,2.443,2.312,,-2.36
2023-05-02,2.417,2.501,2.524,2.389,,-3.24
2023-05-01,2.498,2.568,2.582,2.473,,-3.1
2023-04-28,2.578,2.538,2.7,2.484,,1.18
2023-04-27,2.548,2.51,2.567,2.465,,10.54
2023-04-26,2.305,2.385,2.413,2.274,,-5.42
2023-04-25,2.437,2.466,2.468,2.368,,-1.38
2023-04-24,2.471,2.395,2.484,2.364,,2.62
2023-04-21,2.408,2.374,2.448,2.35,,-0.78
2023-04-20,2.427,2.361,2.436,2.316,,1.34
2023-04-19,2.395,2.526,2.543,2.356,,-4.85
2023-04-18,2.517,2.446,2.533,2.396,,2.99
2023-04-17,2.444,2.326,2.458,2.326,,6.03
2023-04-14,2.305,2.209,2.316,2.143,,4.92
2023-04-13,2.197,2.257,2.302,2.184,,-3.09
2023-04-12,2.267,2.373,2.384,2.241,,-3.57
2023-04-11,2.351,2.372,2.42,2.306,,-0.42
2023-04-10,2.361,2.24,2.419,2.24,,5.5
2023-04-06,2.238,2.375,2.4,2.22,,-6.01
2023-04-05,2.381,2.332,2.421,2.3,,1.58
2023-04-04,2.344,2.348,2.385,2.31,,0.47
2023-04-03,2.333,2.345,2.398,2.28,,-5.35
2023-03-31,2.465,2.352,2.488,2.321,,4.54
2023-03-30,2.358,2.455,2.455,2.336,,7.97
2023-03-29,2.184,2.161,2.225,2.103,,1.72
2023-03-28,2.147,2.221,2.26,2.142,,-3.07
2023-03-27,2.215,2.288,2.299,2.184,,-6.18
2023-03-24,2.361,2.277,2.382,2.267,,3.42
2023-03-23,2.283,2.354,2.383,2.263,,-1.04
2023-03-22,2.307,2.456,2.462,2.287,,-7.16
2023-03-21,2.485,2.339,2.493,2.24,,6.61
2023-03-20,2.331,2.46,2.521,2.324,,-4.7
2023-03-17,2.446,2.638,2.639,2.436,,-6.85
2023-03-16,2.626,2.59,2.657,2.527,,3.14
2023-03-15,2.546,2.696,2.71,2.499,,-5.35
2023-03-14,2.69,2.74,2.789,2.65,,-1.32
2023-03-13,2.726,2.566,2.751,2.514,,6.53
2023-03-10,2.559,2.629,2.691,2.554,,-4.62
2023-03-09,2.683,2.754,2.797,2.614,,-1.11
2023-03-08,2.713,2.821,2.85,2.687,,-4.47
2023-03-07,2.84,2.769,2.85,2.673,,4.03
2023-03-06,2.73,2.954,2.954,2.688,,-13.09
2023-03-03,3.141,2.916,3.156,2.904,,8.35
2023-03-02,2.899,2.938,2.994,2.848,,-1.5
2023-03-01,2.943,2.884,2.969,2.788,,2.79
2023-02-28,2.863,2.842,2.898,2.701,,0.35
2023-02-27,2.853,2.811,2.863,2.7,,11.97
2023-02-24,2.548,2.464,2.587,2.415,,4.77
2023-02-23,2.432,2.295,2.488,2.235,,5.83
2023-02-22,2.298,2.188,2.422,2.113,,5.56
2023-02-21,2.177,2.306,2.373,2.162,,-6.33
2023-02-20,2.324,2.304,2.373,2.271,0.0,0.82
2023-02-19,2.305,2.303,2.306,2.284,0.0,-2.0
2023-02-17,2.352,2.485,2.521,2.304,,-5.35
2023-02-16,2.485,2.554,2.635,2.455,,-2.74
2023-02-15,2.555,2.686,2.693,2.531,,-3.66
2023-02-14,2.652,2.522,2.7,2.518,,6.12
2023-02-13,2.499,2.663,2.689,2.473,,-4.14
2023-02-10,2.607,2.513,2.67,2.475,,4.61
2023-02-09,2.492,2.497,2.578,2.441,,0.61
2023-02-08,2.477,2.667,2.734,2.45,,-7.02
2023-02-07,2.664,2.569,2.69,2.5,,5.09
2023-02-06,2.535,2.495,2.57,2.447,,2.22
2023-02-03,2.48,2.525,2.585,2.416,,-1.67
2023-02-02,2.522,2.579,2.652,2.502,,-0.55
2023-02-01,2.536,2.789,2.836,2.532,,-7.48
2023-01-31,2.741,2.738,2.809,2.668,,0.37
2023-01-30,2.731,2.75,2.807,2.661,,-4.14
2023-01-27,2.849,2.853,2.908,2.747,,0.04
2023-01-26,2.848,2.873,2.891,2.68,,-2.3
2023-01-25,2.915,3.065,3.078,2.86,,-4.65
2023-01-24,3.057,3.228,3.3,3.031,,-5.12
2023-01-23,3.222,3.216,3.243,2.992,,6.13
2023-01-20,3.036,3.076,3.191,2.985,,-2.82
2023-01-19,3.124,3.1,3.198,3.056,,0.42
2023-01-18,3.111,3.294,3.332,3.087,,-4.37
2023-01-17,3.253,3.283,3.44,3.237,,-11.48
2023-01-16,3.675,3.601,3.696,3.524,0.0,2.05
2023-01-15,3.601,3.591,3.615,3.554,0.0,12.67
2023-01-13,3.196,3.356,3.392,3.169,,-4.74
2023-01-12,3.355,3.396,3.556,3.309,,0.27
2023-01-11,3.346,3.289,3.42,3.137,,0.97
2023-01-10,3.314,3.541,3.549,3.261,,-6.99
2023-01-09,3.563,3.476,3.714,3.449,,5.04
2023-01-06,3.392,3.462,3.495,3.283,,-0.99
2023-01-05,3.426,3.776,3.789,3.414,,-9.37
2023-01-04,3.78,3.658,3.81,3.595,,3.82
2023-01-03,3.641,4.005,4.005,3.62,,-12.12
2023-01-02,4.143,4.222,4.222,4.072,0.0,0.95
2022-12-30,4.104,4.147,4.167,4.015,,-0.32
2022-12-29,4.117,4.269,4.279,4.02,,-12.12
2022-12-28,4.685,5.08,5.083,4.462,,-8.46
2022-12-27,5.118,5.19,5.245,4.99,,-0.51
2022-12-26,5.144,5.179,5.188,5.037,0.0,3.29
2022-12-23,4.98,5.014,5.139,4.779,,1.06
2022-12-22,4.928,5.356,5.526,4.905,,-5.92
2022-12-21,5.238,5.232,5.481,5.175,,0.42
2022-12-20,5.216,5.678,5.765,5.167,,-8.65
2022-12-19,5.71,5.935,6.085,5.634,,-9.41
2022-12-16,6.303,6.539,6.546,5.96,,-4.34
2022-12-15,6.589,6.174,6.646,6.163,,5.93
2022-12-14,6.22,6.76,6.764,6.138,,-7.62
2022-12-13,6.733,6.341,6.871,6.337,,4.94
2022-12-12,6.416,6.687,6.807,6.32,,5.49
2022-12-09,6.082,5.792,6.192,5.68,,4.5
2022-12-08,5.82,5.707,6.007,5.649,,3.61
2022-12-07,5.617,5.3,5.719,5.298,,4.44
2022-12-06,5.378,5.542,5.587,5.256,,-1.93
2022-12-05,5.484,5.85,5.949,5.468,,-11.1
2022-12-02,6.169,6.714,6.729,6.109,,-6.97
2022-12-01,6.631,6.839,7.075,6.6,,-2.74
2022-11-30,6.818,7.1,7.159,6.7,,-3.75
2022-11-29,7.084,7.12,7.249,6.944,,-1.56
2022-11-28,7.196,7.301,7.386,6.929,,-1.83
2022-11-25,7.33,7.727,7.804,7.201,,2.13
2022-11-24,7.177,7.307,7.404,7.1,0.0,-6.89
2022-11-23,7.708,7.525,8.177,7.505,,4.08
2022-11-22,7.406,7.183,7.55,6.899,,2.53
2022-11-21,7.223,6.796,7.273,6.571,,7.55
2022-11-18,6.716,6.758,6.831,6.425,,-0.42
2022-11-17,6.744,6.612,6.912,6.554,,2.07
2022-11-16,6.607,6.503,6.637,6.132,,3.32
2022-11-15,6.395,6.434,6.531,6.19,,1.52
2022-11-14,6.299,6.491,6.742,6.26,,0.57
2022-11-11,6.263,6.54,6.864,6.172,,-5.29
2022-11-10,6.613,6.299,6.637,6.143,,6.23
2022-11-09,6.225,6.596,6.745,6.131,,-4.58
2022-11-08,6.524,7.024,7.162,6.454,,-9.94
2022-11-07,7.244,7.268,7.501,6.921,,7.25
2022-11-04,6.754,6.298,6.873,6.267,,6.7
2022-11-03,6.33,6.522,6.543,6.23,,-3.93
2022-11-02,6.589,6.179,6.62,6.16,,8.37
2022-11-01,6.08,6.561,6.565,6.011,,-7.98
2022-10-31,6.607,6.092,6.617,6.086,,10.99
2022-10-28,5.953,6.114,6.153,5.824,,1.33
2022-10-27,5.875,6.19,6.198,5.71,,-3.99
2022-10-26,6.119,6.259,6.265,5.828,,-0.76
2022-10-25,6.166,5.739,6.281,5.727,,7.18
2022-10-24,5.753,5.464,5.844,5.345,,5.14
2022-10-21,5.472,5.784,5.851,5.393,,-6.27
2022-10-20,5.838,5.908,6.044,5.738,,-1.52
2022-10-19,5.928,6.175,6.271,5.893,,-4.95
2022-10-18,6.237,6.474,6.531,6.15,,-3.74
2022-10-17,6.479,6.68,6.737,6.382,,-5.1
2022-10-14,6.827,6.989,7.051,6.772,,-3.2
2022-10-13,7.053,6.795,7.084,6.672,,4.24
2022-10-12,6.766,6.945,7.127,6.728,,-2.34
2022-10-11,6.928,6.891,6.991,6.723,,2.12
2022-10-10,6.784,6.936,7.205,6.759,,-3.73
2022-10-07,7.047,7.14,7.226,6.911,,-2.69
2022-10-06,7.242,7.225,7.436,7.145,,0.08
2022-10-05,7.236,7.152,7.352,6.984,,0.86
2022-10-04,7.174,6.86,7.239,6.66,,5.45
2022-10-03,6.803,7.111,7.111,6.626,,-3.71
2022-09-30,7.065,7.144,7.322,6.99,,-1.08
2022-09-29,7.142,7.271,7.37,6.865,,2.69
2022-09-28,6.955,6.775,7.041,6.562,,2.88
2022-09-27,6.76,7.055,7.24,6.74,,-3.62
2022-09-26,7.014,7.017,7.126,6.692,,0.31
2022-09-23,6.992,7.274,7.374,6.867,,-2.79
2022-09-22,7.193,7.8,7.825,7.168,,-8.1
2022-09-21,7.827,7.792,8.179,7.609,,0.71
2022-09-20,7.772,7.929,8.037,7.703,,-0.41
2022-09-19,7.804,7.751,7.961,7.455,,-0.09
2022-09-16,7.811,8.349,8.367,7.766,,-6.7
2022-09-15,8.372,9.134,9.159,8.26,,-8.67
2022-09-14,9.167,8.414,9.292,8.376,,10.0
2022-09-13,8.334,8.434,8.501,8.211,,0.57
2022-09-12,8.287,8.121,8.447,7.911,,3.02
2022-09-09,8.044,8.018,8.255,7.946,,0.92
2022-09-08,7.971,7.9,8.12,7.834,,0.89
2022-09-07,7.901,8.118,8.355,7.828,,-3.79
2022-09-06,8.212,9.058,9.176,7.9,,-5.76
2022-09-05,8.714,8.98,8.995,8.71,0.0,-2.95
2022-09-04,8.979,9.086,9.096,8.946,0.0,1.46
2022-09-02,8.85,9.259,9.31,8.692,,-5.14
2022-09-01,9.33,9.194,9.454,9.074,,1.53
2022-08-31,9.189,9.141,9.341,8.879,,0.94
2022-08-30,9.103,9.318,9.365,8.933,,-2.5
2022-08-29,9.336,9.605,9.711,8.98,,0.72
2022-08-26,9.269,9.336,9.64,9.16,,-0.8
2022-08-25,9.344,9.197,9.392,9.147,,0.47
2022-08-24,9.3,9.196,9.408,9.063,,1.58
2022-08-23,9.155,9.78,9.987,9.021,,-5.1
2022-08-22,9.647,9.159,9.95,9.143,,3.56
2022-08-19,9.315,9.153,9.37,8.86,,1.58
2022-08-18,9.17,9.159,9.64,8.862,,-0.63
2022-08-17,9.228,9.346,9.65,9.1,,-0.89
2022-08-16,9.311,8.798,9.39,8.773,,6.88
2022-08-15,8.712,8.668,8.912,8.383,,-0.37
2022-08-12,8.744,8.706,8.9,8.51,,-1.34
2022-08-11,8.863,8.21,8.979,8.171,,8.18
2022-08-10,8.193,7.848,8.254,7.703,,4.7
2022-08-09,7.825,7.67,7.88,7.618,,3.26
2022-08-08,7.578,7.85,7.909,7.536,,-5.88
2022-08-05,8.051,8.142,8.229,7.894,,-0.78
2022-08-04,8.114,8.279,8.432,7.8,,-1.79
2022-08-03,8.262,7.666,8.46,7.557,,7.33
2022-08-02,7.698,8.18,8.196,7.618,,-6.8
2022-08-01,8.26,7.894,8.276,7.735,,0.63
2022-07-29,8.208,8.16,8.356,7.995,,1.11
2022-07-28,8.118,8.6,8.8,8.095,,-5.1
2022-07-27,8.554,8.701,8.99,8.345,,-3.07
2022-07-26,8.825,8.667,9.419,8.568,,2.96
2022-07-25,8.571,8.273,8.704,8.202,,4.59
2022-07-22,8.195,7.78,8.293,7.652,,4.86
2022-07-21,7.815,7.769,8.045,7.485,,-1.06
2022-07-20,7.899,7.2,7.925,7.057,,10.48
2022-07-19,7.15,7.329,7.453,7.017,,-3.14
2022-07-18,7.382,7.021,7.46,6.987,,6.58
2022-07-15,6.926,6.584,7.047,6.351,,6.37
2022-07-14,6.511,6.544,6.806,6.461,,-1.18
2022-07-13,6.589,6.125,6.683,6.058,,9.43
2022-07-12,6.021,6.395,6.647,5.895,,-4.72
2022-07-11,6.319,6.314,6.59,6.16,,5.9
2022-07-08,5.967,6.18,6.263,5.948,,-4.71
2022-07-07,6.262,5.508,6.338,5.464,,14.23
2022-07-06,5.482,5.43,5.699,5.349,,-0.09
2022-07-05,5.487,5.679,5.883,5.324,,-6.25
2022-07-04,5.853,5.712,5.905,5.606,0.0,2.52
2022-07-03,5.709,5.701,5.734,5.678,0.0,-0.05
2022-07-01,5.712,5.599,5.909,5.557,,5.93
2022-06-30,5.392,6.425,6.575,5.327,,-16.96
2022-06-29,6.493,6.609,6.812,6.401,,-1.17
2022-06-28,6.57,6.468,6.738,6.417,,0.37
2022-06-27,6.546,6.188,6.597,6.065,,4.22
2022-06-24,6.281,6.26,6.407,6.062,,-0.03
2022-06-23,6.283,6.829,6.854,6.237,,-8.57
2022-06-22,6.872,6.816,6.95,6.554,,1.31
2022-06-21,6.783,6.79,6.948,6.531,,1.04
2022-06-20,6.713,6.706,6.84,6.635,0.0,0.16
2022-06-19,6.702,6.752,6.758,6.659,0.0,-2.95
2022-06-17,6.906,7.422,7.566,6.852,,-7.15
2022-06-16,7.438,7.467,7.981,7.305,,0.43
2022-06-15,7.406,7.259,7.681,7.205,,3.15
2022-06-14,7.18,8.688,8.885,7.01,,-16.7
2022-06-13,8.619,8.888,8.968,8.388,,-2.8
2022-06-10,8.867,9.011,9.161,8.635,,-1.24
2022-06-09,8.978,8.612,9.041,8.022,,3.45
2022-06-08,8.679,9.347,9.645,8.447,,-6.46
2022-06-07,9.278,9.365,9.514,9.187,,-0.3
2022-06-06,9.306,8.696,9.383,8.696,,9.35
2022-06-03,8.51,8.406,8.677,8.257,,0.42
2022-06-02,8.474,8.751,9.04,8.37,,-2.44
2022-06-01,8.686,8.25,8.779,8.143,,6.73
2022-05-31,8.138,8.87,8.897,8.111,,-6.31
2022-05-30,8.686,8.819,8.908,8.598,0.0,-1.46
2022-05-29,8.815,8.829,8.841,8.701,0.0,1.18
2022-05-27,8.712,8.797,8.875,8.275,,-2.06
2022-05-26,8.895,8.978,9.447,8.626,,-1.09
2022-05-25,8.993,8.876,9.437,8.798,,1.78
2022-05-24,8.836,8.819,9.014,8.683,,0.1
2022-05-23,8.827,8.188,8.906,7.95,,7.94
2022-05-20,8.178,8.192,8.285,7.943,,-2.64
2022-05-19,8.4,8.348,8.591,8.0,,-0.65
2022-05-18,8.455,8.41,8.64,8.253,,0.73
2022-05-17,8.394,8.112,8.457,8.112,,4.23
2022-05-16,8.053,7.826,8.276,7.765,,3.71
2022-05-13,7.765,7.776,8.022,7.618,,-0.89
2022-05-12,7.835,7.749,7.884,7.348,,1.4
2022-05-11,7.727,7.395,7.803,7.385,,3.48
2022-05-10,7.467,7.108,7.543,6.521,,5.08
2022-05-09,7.106,7.945,8.37,7.045,,-12.57
2022-05-06,8.128,8.896,9.052,8.039,,-8.06
2022-05-05,8.841,8.457,8.965,8.178,,4.36
2022-05-04,8.472,7.899,8.542,7.815,,5.57
2022-05-03,8.025,7.656,8.25,7.643,,6.07
2022-05-02,7.566,7.511,7.701,7.331,,2.87
2022-04-29,7.355,7.044,7.447,6.919,,5.16
2022-04-28,6.994,7.494,7.517,6.985,,-4.7
2022-04-27,7.339,7.009,7.524,6.956,,5.17
2022-04-26,6.978,6.963,7.175,6.79,,2.54
2022-04-25,6.805,6.517,7.112,6.471,,2.13
2022-04-22,6.663,7.076,7.214,6.56,,-6.1
2022-04-21,7.096,6.954,7.274,6.832,,0.44
2022-04-20,7.065,7.369,7.496,6.894,,-2.91
2022-04-19,7.277,7.908,8.075,7.052,,-8.56
2022-04-18,7.958,7.49,8.197,7.488,,7.21
2022-04-14,7.423,7.14,7.465,7.064,,4.61
2022-04-13,7.096,6.791,7.193,6.735,,4.92
2022-04-12,6.763,6.784,7.025,6.68,,0.59
2022-04-11,6.723,6.458,6.8,6.327,,5.77
2022-04-08,6.356,6.484,6.615,6.338,,-1.24
2022-04-07,6.436,6.189,6.517,6.08,,5.39
2022-04-06,6.107,6.175,6.469,6.08,,-0.02
2022-04-05,6.108,5.864,6.277,5.847,,5.44
2022-04-04,5.793,5.813,5.928,5.728,,-0.03
2022-04-01,5.795,5.694,5.85,5.575,,1.65
2022-03-31,5.701,5.631,5.887,5.516,,0.76
2022-03-30,5.658,5.364,5.677,5.326,,6.15
2022-03-29,5.33,5.5,5.527,5.316,,-3.76
2022-03-28,5.538,5.595,5.707,5.452,,-1.3
2022-03-25,5.611,5.469,5.617,5.386,,3.03
2022-03-24,5.446,5.158,5.508,5.114,,3.26
2022-03-23,5.274,5.184,5.364,5.135,,0.9
2022-03-22,5.227,4.983,5.244,4.907,,5.94
2022-03-21,4.934,4.927,5.008,4.791,,0.65
2022-03-18,4.902,4.969,4.989,4.849,,-2.37
2022-03-17,5.021,4.805,5.031,4.724,,4.95
2022-03-16,4.784,4.685,4.812,4.645,,3.62
2022-03-15,4.617,4.722,4.722,4.509,,-1.81
2022-03-14,4.702,4.749,4.797,4.555,,-1.34
2022-03-11,4.766,4.696,4.837,4.666,,2.08
2022-03-10,4.669,4.561,4.707,4.538,,2.37
2022-03-09,4.561,4.615,4.664,4.488,,-0.04
2022-03-08,4.563,4.848,4.909,4.541,,-6.07
2022-03-07,4.858,5.057,5.199,4.809,,-3.53
2022-03-04,5.036,4.763,5.06,4.758,,6.33
2022-03-03,4.736,4.813,4.949,4.653,,-1.07
2022-03-02,4.787,4.631,4.928,4.63,,4.11
2022-03-01,4.598,4.425,4.649,4.361,,4.03
2022-02-28,4.42,4.63,4.7,4.392,,-1.45
2022-02-25,4.485,4.591,4.724,4.435,,-3.36
2022-02-24,4.641,4.592,4.938,4.555,,1.05
2022-02-23,4.593,4.466,4.685,4.437,,2.96
2022-02-22,4.461,4.505,4.746,4.409,,-5.19
2022-02-21,4.705,4.58,4.745,4.52,0.0,2.75
2022-02-20,4.579,4.529,4.598,4.527,0.0,4.62
2022-02-18,4.377,4.451,4.585,4.306,,-1.2
2022-02-17,4.43,4.532,4.645,4.343,,-3.11
2022-02-16,4.572,4.306,4.592,4.279,,7.8
2022-02-15,4.241,4.147,4.336,4.125,,1.95
2022-02-14,4.16,4.07,4.186,4.019,,5.72
2022-02-11,3.935,3.923,4.045,3.872,,-0.2
2022-02-10,3.943,4.0,4.033,3.867,,-0.93
2022-02-09,3.98,4.178,4.229,3.955,,-5.64
2022-02-08,4.218,4.238,4.343,4.157,,0.48
2022-02-07,4.198,4.329,4.409,4.1,,-6.54
2022-02-04,4.492,4.75,4.861,4.41,,-4.83
2022-02-03,4.72,4.966,5.009,4.617,,-6.42
2022-02-02,5.044,4.681,5.053,4.664,,10.3
2022-02-01,4.573,4.696,4.736,4.474,,-2.18
2022-01-31,4.675,4.637,4.803,4.533,,4.52
2022-01-28,4.473,4.222,4.629,4.192,,4.44
2022-01-27,4.283,4.0,4.42,3.99,,6.12
2022-01-26,4.036,3.885,4.194,3.856,,3.65
2022-01-25,3.894,3.811,3.919,3.761,,0.49
2022-01-24,3.875,3.709,3.912,3.693,,2.46
2022-01-21,3.782,3.68,3.829,3.669,,3.64
2022-01-20,3.649,3.834,3.868,3.629,,-5.1
2022-01-19,3.845,4.071,4.119,3.834,,-5.01
2022-01-18,4.048,4.143,4.18,4.002,,-5.33
2022-01-17,4.276,4.33,4.353,4.216,0.0,-1.36
2022-01-16,4.335,4.338,4.35,4.323,0.0,6.22
2022-01-14,4.081,4.01,4.097,3.933,,1.9
2022-01-13,4.005,4.296,4.329,3.99,,-7.44
2022-01-12,4.327,3.948,4.356,3.926,,9.05
2022-01-11,3.968,3.868,3.98,3.787,,3.5
2022-01-10,3.834,3.91,3.966,3.764,,2.9
2022-01-07,3.726,3.716,3.803,3.664,,1.53
2022-01-06,3.67,3.679,3.757,3.647,,-1.08
2022-01-05,3.71,3.611,3.738,3.591,,3.57
2022-01-04,3.582,3.674,3.777,3.573,,-2.61
2022-01-03,3.678,3.554,3.709,3.5,,3.4
