Date,Price,Open,High,Low,Vol-K,Change-%
2024-09-30,584.0,579.75,590.75,575.5,58870.0,0.69
2024-09-27,580.0,583.0,583.5,575.5,46190.0,-0.73
2024-09-26,584.25,590.5,596.25,582.75,69060.0,-0.85
2024-09-25,589.25,579.0,591.25,573.75,52960.0,1.95
2024-09-24,578.0,581.25,589.25,575.25,52270.0,-0.77
2024-09-23,582.5,570.5,586.5,569.0,63330.0,2.46
2024-09-20,568.5,566.25,575.75,565.25,60490.0,0.53
2024-09-19,565.5,575.75,577.25,564.0,51650.0,-1.78
2024-09-18,575.75,576.0,582.75,573.0,47040.0,0.0
2024-09-17,575.75,578.5,584.25,571.25,45710.0,-0.48
2024-09-16,578.5,594.75,596.0,574.25,80580.0,1.27
2024-09-13,571.25,571.25,571.25,571.25,0.0,1.47
2024-09-12,563.0,563.0,563.0,563.0,0.0,-0.13
2024-09-11,563.75,563.75,563.75,563.75,10.0,0.89
2024-09-10,558.75,554.75,554.75,554.75,10.0,0.59
2024-09-09,555.5,555.5,555.5,555.5,0.0,0.41
2024-09-06,553.25,565.75,565.75,552.25,430.0,-1.38
2024-09-05,561.0,565.5,565.5,557.0,120.0,-0.75
2024-09-04,565.25,551.5,568.75,551.5,160.0,2.4
2024-09-03,552.0,531.5,551.75,530.5,430.0,3.61
2024-08-30,532.75,522.5,534.75,522.5,830.0,1.48
2024-08-29,525.0,513.0,524.0,508.25,12490.0,2.09
2024-08-28,514.25,507.0,516.0,505.5,19340.0,1.18
2024-08-27,508.25,497.25,510.75,493.5,31510.0,2.06
2024-08-26,498.0,505.25,506.0,495.5,39320.0,-0.85
2024-08-23,502.25,512.0,513.75,501.25,48970.0,-1.71
2024-08-22,511.0,521.25,524.0,502.5,44560.0,-1.68
2024-08-21,519.75,533.75,536.5,519.0,35070.0,-2.49
2024-08-20,533.0,528.0,535.5,525.75,43750.0,0.9
2024-08-19,528.25,530.5,531.25,521.75,46030.0,-0.33
2024-08-16,530.0,527.25,533.5,523.25,52850.0,0.33
2024-08-15,528.25,535.75,547.75,527.0,69560.0,-1.22
2024-08-14,534.75,529.25,537.25,524.0,84250.0,1.13
2024-08-13,528.75,538.0,538.25,525.0,67770.0,-1.49
2024-08-12,536.75,542.75,547.0,528.0,84750.0,-1.06
2024-08-09,542.5,537.25,552.0,536.25,82400.0,0.93
2024-08-08,537.5,537.75,544.5,532.5,67630.0,-0.14
2024-08-07,538.25,544.0,548.75,534.75,79910.0,-0.92
2024-08-06,543.25,540.0,548.75,531.5,59180.0,0.7
2024-08-05,539.5,540.25,541.5,519.75,60220.0,0.09
2024-08-02,539.0,532.0,540.5,528.5,51480.0,1.32
2024-08-01,532.0,526.75,534.75,519.75,56990.0,0.9
2024-07-31,527.25,523.0,534.0,515.5,60810.0,0.62
2024-07-30,524.0,528.75,529.5,517.0,50330.0,-1.32
2024-07-29,531.0,523.5,532.75,514.25,53530.0,1.43
2024-07-26,523.5,537.0,541.25,522.0,56590.0,-2.65
2024-07-25,537.75,546.75,549.75,536.25,44810.0,-1.69
2024-07-24,547.0,542.5,555.5,537.25,51660.0,0.78
2024-07-23,542.75,547.75,552.0,540.5,41160.0,-0.96
2024-07-22,548.0,545.25,553.5,540.25,48550.0,0.97
2024-07-19,542.75,534.75,556.25,530.5,67050.0,1.4
2024-07-18,535.25,540.75,546.5,533.0,50520.0,-0.74
2024-07-17,539.25,530.5,546.5,528.0,52560.0,1.6
2024-07-16,530.75,531.25,537.5,525.25,63370.0,-0.33
2024-07-15,532.5,551.0,552.5,531.0,76570.0,-1.02
2024-07-12,538.0,538.0,538.0,538.0,90.0,-2.93
2024-07-11,554.25,543.5,561.25,543.5,30.0,1.98
2024-07-10,543.5,542.0,547.25,542.0,80.0,-1.94
2024-07-09,554.25,554.25,554.25,554.25,50.0,0.23
2024-07-08,553.0,552.25,553.0,552.25,70.0,-3.36
2024-07-05,572.25,573.0,573.0,573.0,130.0,3.2
2024-07-03,554.5,563.75,563.75,558.5,190.0,-1.25
2024-07-02,561.5,562.0,562.0,562.0,280.0,-1.36
2024-07-01,569.25,556.5,568.0,552.75,340.0,2.85
2024-06-28,553.5,559.25,565.0,547.0,1450.0,-1.12
2024-06-27,559.75,540.5,562.5,539.5,18210.0,3.42
2024-06-26,541.25,539.75,552.75,538.0,19700.0,-0.09
2024-06-25,541.75,552.5,556.0,539.75,29810.0,-1.95
2024-06-24,552.5,562.0,563.0,546.5,36640.0,-1.6
2024-06-21,561.5,571.25,579.25,557.75,67570.0,-1.96
2024-06-20,572.75,582.0,582.75,565.5,66900.0,-1.59
2024-06-18,582.0,590.0,595.25,580.0,59960.0,-1.61
2024-06-17,591.5,607.75,610.25,590.25,71030.0,-3.47
2024-06-14,612.75,618.25,622.5,611.0,73730.0,-1.17
2024-06-13,620.0,614.5,627.25,612.5,77150.0,0.49
2024-06-12,617.0,626.0,627.75,610.5,84290.0,-1.52
2024-06-11,626.5,606.75,633.0,605.5,132290.0,3.13
2024-06-10,607.5,626.0,627.0,606.25,119710.0,-3.19
2024-06-07,627.5,639.5,639.5,618.25,131160.0,-1.88
2024-06-06,639.5,649.75,654.0,638.25,83050.0,-1.12
2024-06-05,646.75,659.25,664.25,642.75,84830.0,-1.75
2024-06-04,658.25,672.5,681.25,657.75,82160.0,-2.16
2024-06-03,672.75,678.0,697.75,667.5,84110.0,-0.85
2024-05-31,678.5,680.5,691.5,673.75,54290.0,-0.37
2024-05-30,681.0,692.75,693.75,673.25,68980.0,-1.7
2024-05-29,692.75,701.5,706.25,688.5,63290.0,-1.07
2024-05-28,700.25,713.0,720.0,693.75,73680.0,0.43
2024-05-24,697.25,701.25,706.0,689.0,70620.0,-0.11
2024-05-23,698.0,694.0,702.5,682.5,68180.0,0.72
2024-05-22,693.0,697.25,716.75,688.5,89820.0,-0.65
2024-05-21,697.5,687.5,700.75,682.0,88260.0,1.27
2024-05-20,688.75,654.0,691.25,654.0,93310.0,5.76
2024-05-17,651.25,662.5,676.5,650.25,62410.0,-1.81
2024-05-16,663.25,664.25,681.5,656.75,68480.0,-0.38
2024-05-15,665.75,674.25,697.0,662.25,89540.0,1.33
2024-05-14,657.0,657.0,657.0,657.0,20.0,-1.98
2024-05-13,670.25,648.0,648.0,645.75,30.0,3.79
2024-05-10,645.75,645.25,647.0,645.25,60.0,4.2
2024-05-09,619.75,624.25,624.25,624.0,130.0,0.61
2024-05-08,616.0,616.0,616.0,616.0,20.0,-1.4
2024-05-07,624.75,635.0,635.0,632.75,50.0,-1.19
2024-05-06,632.25,627.5,630.0,627.5,150.0,4.33
2024-05-03,606.0,603.25,632.5,603.0,230.0,3.32
2024-05-02,586.5,592.75,592.75,580.75,70.0,0.86
2024-05-01,581.5,580.25,582.25,579.0,510.0,-0.6
2024-04-30,585.0,587.0,587.0,577.75,1410.0,-0.89
2024-04-29,590.25,595.75,604.75,582.75,17080.0,-2.15
2024-04-26,603.25,602.0,614.5,598.25,28600.0,0.17
2024-04-25,602.25,594.0,605.0,593.5,25970.0,1.3
2024-04-24,594.5,583.25,598.5,578.75,27550.0,1.62
2024-04-23,585.0,572.0,586.0,565.75,42550.0,2.59
2024-04-22,570.25,549.0,579.5,548.75,50920.0,3.63
2024-04-19,550.25,536.75,558.75,536.0,29390.0,2.52
2024-04-18,536.75,538.0,544.0,534.25,35420.0,-0.05
2024-04-17,537.0,550.5,555.0,536.0,38900.0,-2.32
2024-04-16,549.75,550.75,557.0,542.5,53010.0,-0.36
2024-04-15,551.75,555.25,556.0,544.25,46710.0,-0.76
2024-04-12,556.0,552.5,562.5,549.5,63720.0,0.77
2024-04-11,551.75,558.0,559.75,548.25,73570.0,-1.21
2024-04-10,558.5,558.5,567.25,555.75,68510.0,0.13
2024-04-09,557.75,563.0,564.25,553.5,73160.0,-1.41
2024-04-08,565.75,570.25,573.75,559.5,90130.0,-0.26
2024-04-05,567.25,556.0,574.75,555.0,106580.0,1.98
2024-04-04,556.25,556.0,562.5,549.5,61300.0,0.04
2024-04-03,556.0,545.0,559.75,540.25,58690.0,1.97
2024-04-02,545.25,557.5,562.75,543.5,64530.0,-2.11
2024-04-01,557.0,562.0,562.75,547.25,43700.0,-0.8
2024-03-29,561.5,561.5,561.5,561.5,0.0,0.22
2024-03-28,560.25,546.5,568.5,544.5,72670.0,2.33
2024-03-27,547.5,543.25,549.5,538.5,40130.0,0.74
2024-03-26,543.5,555.0,557.5,542.75,39840.0,-2.07
2024-03-25,555.0,559.0,567.0,549.5,63150.0,0.05
2024-03-22,554.75,548.5,559.25,539.5,58440.0,1.46
2024-03-21,546.75,546.0,552.5,540.25,43720.0,0.32
2024-03-20,545.0,551.75,553.0,537.0,52840.0,-1.36
2024-03-19,552.5,542.75,553.75,539.0,52070.0,1.8
2024-03-18,542.75,531.25,544.0,527.0,57980.0,2.7
2024-03-15,528.5,532.0,537.5,526.75,40450.0,1.73
2024-03-14,519.5,519.5,519.5,519.5,20.0,-2.4
2024-03-13,532.25,534.5,535.25,534.0,20.0,-0.61
2024-03-12,535.5,541.0,544.75,538.0,40.0,-0.37
2024-03-11,537.5,526.75,526.75,526.0,30.0,2.04
2024-03-08,526.75,528.5,528.5,528.5,20.0,1.15
2024-03-07,520.75,526.5,526.5,523.25,250.0,-0.1
2024-03-06,521.25,519.75,519.75,519.75,210.0,-4.49
2024-03-05,545.75,554.75,554.75,547.5,30.0,-3.15
2024-03-04,563.5,564.0,564.0,564.0,110.0,0.63
2024-03-01,560.0,577.75,577.75,558.25,550.0,-3.03
2024-02-29,577.5,570.0,582.0,567.0,1250.0,1.14
2024-02-28,571.0,586.5,588.0,569.75,13390.0,-2.56
2024-02-27,586.0,576.0,591.75,575.5,15960.0,1.52
2024-02-26,577.25,573.5,578.75,562.0,23800.0,0.65
2024-02-23,573.5,584.75,592.5,572.5,30810.0,-1.67
2024-02-22,583.25,582.0,600.0,579.75,40230.0,0.0
2024-02-21,583.25,581.75,584.75,574.0,35040.0,0.09
2024-02-20,582.75,558.5,585.0,555.25,53100.0,3.97
2024-02-16,560.5,566.0,571.75,556.75,53030.0,-1.15
2024-02-15,567.0,585.75,585.75,565.25,79700.0,-3.16
2024-02-14,585.5,597.25,597.75,577.5,84590.0,-2.01
2024-02-13,597.5,597.0,603.5,592.25,82480.0,0.0
2024-02-12,597.5,596.25,603.0,588.5,69030.0,0.13
2024-02-09,596.75,591.25,605.5,588.0,100820.0,1.4
2024-02-08,588.5,601.25,602.0,583.75,78670.0,-2.24
2024-02-07,602.0,594.75,606.75,590.75,79580.0,1.18
2024-02-06,595.0,590.5,597.5,588.0,47580.0,0.8
2024-02-05,590.25,600.0,601.75,586.75,51240.0,-1.58
2024-02-02,599.75,601.5,611.5,595.75,66720.0,-0.29
2024-02-01,601.5,595.25,603.0,587.0,62580.0,1.05
2024-01-31,595.25,605.0,605.0,591.75,43150.0,-1.69
2024-01-30,605.5,593.5,606.75,584.5,51990.0,2.02
2024-01-29,593.5,601.25,601.75,587.5,41480.0,-1.12
2024-01-26,600.25,612.0,614.0,592.25,69590.0,-1.96
2024-01-25,612.25,611.5,617.25,606.5,54710.0,0.25
2024-01-24,610.75,598.0,612.25,596.5,56700.0,2.39
2024-01-23,596.5,596.0,606.75,593.75,42180.0,0.0
2024-01-22,596.5,593.5,600.25,587.0,36370.0,0.55
2024-01-19,593.25,586.25,598.0,584.75,48390.0,1.32
2024-01-18,585.5,583.5,587.0,573.25,50950.0,0.52
2024-01-17,582.5,581.5,595.75,577.75,69550.0,0.09
2024-01-16,582.0,596.0,602.25,576.75,61370.0,-2.35
2024-01-12,596.0,604.0,611.75,587.25,82710.0,-1.28
2024-01-11,603.75,610.0,614.75,602.0,38910.0,-1.15
2024-01-10,610.75,610.25,612.0,603.75,40390.0,0.12
2024-01-09,610.0,596.0,613.75,594.0,57130.0,2.31
2024-01-08,596.25,617.0,617.25,593.0,70380.0,-3.21
2024-01-05,616.0,613.0,621.5,611.5,43100.0,0.41
2024-01-04,613.5,601.5,614.5,591.25,63690.0,2.21
2024-01-03,600.25,608.0,609.75,598.25,64000.0,-1.07
2024-01-02,606.75,628.75,628.75,604.75,61470.0,-3.38
2023-12-29,628.0,631.0,633.5,621.5,34750.0,-0.55
2023-12-28,631.5,624.25,636.25,621.75,32250.0,1.36
2023-12-27,623.0,636.0,637.5,619.25,38060.0,-2.08
2023-12-26,636.25,615.0,639.75,611.5,40670.0,3.25
2023-12-22,616.25,612.5,618.25,610.75,26130.0,0.61
2023-12-21,612.5,611.5,617.25,610.25,33650.0,0.41
2023-12-20,610.0,622.5,625.25,609.0,39370.0,-2.05
2023-12-19,622.75,618.25,624.25,611.25,42920.0,0.93
2023-12-18,617.0,629.75,632.0,614.75,43590.0,-1.95
2023-12-15,629.25,616.0,630.0,610.75,52710.0,5.93
2023-12-14,594.0,608.0,619.5,606.5,150.0,1.5
2023-12-13,585.25,624.25,626.5,602.5,210.0,-3.58
2023-12-12,607.0,609.75,628.75,608.25,150.0,2.66
2023-12-11,591.25,632.0,633.25,607.25,200.0,-3.86
2023-12-08,615.0,618.75,619.0,618.0,20.0,-1.76
2023-12-07,626.0,622.75,622.75,622.75,90.0,1.66
2023-12-06,615.75,625.75,634.0,621.75,50.0,-0.81
2023-12-05,620.75,601.0,619.25,597.75,580.0,4.2
2023-12-04,595.75,583.0,583.0,583.0,370.0,3.25
2023-12-01,577.0,569.25,577.5,569.25,670.0,1.18
2023-11-30,570.25,557.5,570.25,555.5,1560.0,2.56
2023-11-29,556.0,544.5,559.0,542.75,19770.0,2.25
2023-11-28,543.75,534.0,545.5,528.0,31630.0,1.78
2023-11-27,534.25,550.0,552.75,527.5,41480.0,-2.64
2023-11-24,548.75,555.0,555.75,546.5,26200.0,-1.26
2023-11-22,555.75,556.0,563.5,554.5,29110.0,0.14
2023-11-21,555.0,544.0,557.0,541.75,43240.0,2.12
2023-11-20,543.5,550.75,554.0,541.0,42770.0,-1.32
2023-11-17,550.75,555.75,557.75,547.0,51400.0,-0.5
2023-11-16,553.5,562.25,562.5,547.0,57400.0,-1.25
2023-11-15,560.5,572.75,579.25,557.0,83310.0,-2.01
2023-11-14,572.0,581.0,585.0,570.25,65170.0,-1.21
2023-11-13,579.0,575.0,582.0,567.25,80610.0,0.65
2023-11-10,575.25,581.75,583.0,570.75,68740.0,-0.95
2023-11-09,580.75,590.0,592.5,573.0,85080.0,-1.94
2023-11-08,592.25,571.5,598.75,570.25,144370.0,3.86
2023-11-07,570.25,574.0,582.25,564.5,106300.0,-0.96
2023-11-06,575.75,573.0,577.75,566.5,68700.0,0.57
2023-11-03,572.5,565.75,574.5,563.75,41970.0,1.24
2023-11-02,565.5,562.25,569.5,557.25,53490.0,0.67
2023-11-01,561.75,557.5,564.75,554.75,58780.0,0.99
2023-10-31,556.25,568.25,568.5,554.5,72020.0,-1.72
2023-10-30,566.0,576.0,577.0,565.25,60510.0,-1.65
2023-10-27,575.5,580.25,582.5,571.0,48610.0,-0.69
2023-10-26,579.5,569.25,580.5,563.25,72440.0,1.93
2023-10-25,568.5,580.0,586.25,567.0,57950.0,-2.07
2023-10-24,580.5,587.75,588.0,572.75,47630.0,-1.15
2023-10-23,587.25,586.5,595.25,582.0,48390.0,0.21
2023-10-20,586.0,594.0,604.5,583.25,81520.0,-1.35
2023-10-19,594.0,579.75,594.5,576.5,65379.99999999999,2.37
2023-10-18,580.25,572.5,584.0,571.25,52740.0,1.71
2023-10-17,570.5,577.0,582.25,568.5,53410.0,-1.17
2023-10-16,577.25,580.0,588.5,575.25,56770.0,-0.43
2023-10-13,579.75,572.0,586.25,569.5,87480.0,1.44
2023-10-12,571.5,557.25,574.5,547.25,83010.0,2.79
2023-10-11,556.0,559.0,560.75,551.0,43900.0,-0.45
2023-10-10,558.5,573.75,574.75,555.5,48420.0,-2.49
2023-10-09,572.75,573.25,581.5,570.0,46090.0,0.79
2023-10-06,568.25,576.0,580.25,566.5,50140.0,-1.73
2023-10-05,578.25,559.75,580.25,559.0,69810.0,3.26
2023-10-04,560.0,567.5,569.75,551.75,66480.0,-1.5
2023-10-03,568.5,568.25,575.0,562.75,75410.0,0.66
2023-10-02,564.75,545.0,567.0,541.25,96360.0,4.29
2023-09-29,541.5,579.5,585.5,540.0,123780.0,-6.44
2023-09-28,578.75,580.5,583.5,575.25,43970.0,-0.13
2023-09-27,579.5,589.25,594.5,578.5,55810.0,-1.61
2023-09-26,589.0,589.0,596.75,583.25,48880.0,0.0
2023-09-25,589.0,577.0,590.0,573.75,44700.0,1.64
2023-09-22,579.5,576.5,582.5,572.75,45560.0,0.65
2023-09-21,575.75,589.0,590.25,575.0,50330.0,-2.21
2023-09-20,588.75,585.25,596.25,581.5,63640.0,0.81
2023-09-19,584.0,588.0,592.75,581.0,58590.0,-1.23
2023-09-18,591.25,604.0,604.25,587.0,64920.0,-2.15
2023-09-15,604.25,594.25,607.5,591.75,65390.0,6.48
2023-09-14,567.5,595.5,597.75,583.5,100.0,-0.26
2023-09-13,569.0,562.5,565.5,562.5,40.0,1.56
2023-09-12,560.25,557.25,557.25,548.0,170.0,0.76
2023-09-11,556.0,561.5,561.5,558.0,190.0,-1.98
2023-09-08,567.25,600.0,602.75,590.5,50.0,-0.74
2023-09-07,571.5,578.25,585.0,578.25,150.0,-1.64
2023-09-06,581.0,577.5,587.0,576.5,310.0,1.48
2023-09-05,572.5,569.25,575.0,567.0,100.0,0.88
2023-09-01,567.5,574.0,585.0,571.0,730.0,-0.96
2023-08-31,573.0,574.0,582.75,566.0,1700.0,-0.65
2023-08-30,576.75,572.75,579.5,564.5,12820.0,1.23
2023-08-29,569.75,588.0,589.0,568.75,27770.0,-3.1
2023-08-28,588.0,593.5,599.25,584.0,21640.0,-0.88
2023-08-25,593.25,604.5,609.75,587.5,29000.0,-1.78
2023-08-24,604.0,614.75,615.0,598.25,21790.0,-1.39
2023-08-23,612.5,604.25,617.0,598.25,22590.0,1.79
2023-08-22,601.75,599.0,610.75,594.5,26010.0,0.42
2023-08-21,599.25,618.0,620.75,595.75,24480.0,-2.28
2023-08-18,613.25,589.0,615.75,588.5,32900.0,4.03
2023-08-17,589.5,599.75,601.25,586.25,31440.0,-1.38
2023-08-16,597.75,598.75,607.5,591.5,41340.0,-0.13
2023-08-15,598.5,618.5,619.0,595.75,52400.0,-2.84
2023-08-14,616.0,632.75,635.0,605.25,56040.0,-1.72
2023-08-11,626.75,638.0,639.75,624.25,72250.0,-1.72
2023-08-10,637.75,637.25,644.0,635.0,67430.0,0.43
2023-08-09,635.0,655.5,658.25,633.5,70500.0,-3.24
2023-08-08,656.25,657.5,662.25,643.0,81630.0,-0.19
2023-08-07,657.5,646.0,663.75,636.0,104530.0,3.87
2023-08-04,633.0,627.75,653.75,627.25,70990.0,0.96
2023-08-03,627.0,639.25,648.25,626.25,65700.0,-2.03
2023-08-02,640.0,654.5,684.0,636.0,90380.0,-1.88
2023-08-01,652.25,670.0,675.0,643.25,69420.0,-2.03
2023-07-31,665.75,702.5,703.0,660.25,104580.0,-5.47
2023-07-28,704.25,714.75,720.25,689.0,74610.0,-1.19
2023-07-27,712.75,723.25,740.0,711.75,75100.0,-1.01
2023-07-26,720.0,757.0,757.5,709.0,105760.0,-5.29
2023-07-25,760.25,754.25,777.25,736.5,107920.0,0.36
2023-07-24,757.5,702.0,757.5,698.75,96760.0,8.6
2023-07-21,697.5,724.75,733.25,693.5,95070.0,-4.06
2023-07-20,727.0,725.0,750.75,711.25,136380.0,-0.1
2023-07-19,727.75,669.0,730.75,664.0,148750.0,8.5
2023-07-18,670.75,649.25,675.0,642.25,54950.0,2.6
2023-07-17,653.75,666.0,689.25,651.0,73580.0,1.91
2023-07-14,641.5,639.5,663.25,637.75,50.0,2.23
2023-07-13,627.5,614.25,625.0,614.25,20.0,1.01
2023-07-12,621.25,645.0,645.0,625.0,10.0,-4.35
2023-07-11,649.5,645.0,650.0,642.75,120.0,2.08
2023-07-10,636.25,641.75,645.75,637.5,20.0,-0.51
2023-07-07,639.5,642.75,646.75,642.75,60.0,-1.16
2023-07-06,647.0,654.5,654.75,640.75,190.0,-2.27
2023-07-05,662.0,640.0,658.0,635.0,290.0,5.33
2023-07-03,628.5,630.0,642.25,628.25,690.0,-1.22
2023-06-30,636.25,654.0,663.75,634.25,1370.0,-2.57
2023-06-29,653.0,655.5,663.75,650.75,13940.0,-0.42
2023-06-28,655.75,684.75,692.5,653.25,19740.0,-4.27
2023-06-27,685.0,724.25,725.75,681.5,21840.0,-5.42
2023-06-26,724.25,734.25,756.75,719.0,37360.0,-1.23
2023-06-23,733.25,737.0,737.75,718.75,52470.0,-0.78
2023-06-22,739.0,730.25,747.0,725.5,49750.0,0.61
2023-06-21,734.5,700.5,735.5,699.25,59230.0,5.57
2023-06-20,695.75,687.0,700.0,676.25,76040.0,1.13
2023-06-16,688.0,659.75,697.0,656.0,99940.0,4.01
2023-06-15,661.5,629.0,665.25,628.25,72090.0,4.96
2023-06-14,630.25,638.0,639.0,625.0,70760.0,-0.94
2023-06-13,636.25,634.5,649.25,626.75,106160.0,0.39
2023-06-12,633.75,629.75,638.75,622.25,91970.0,0.56
2023-06-09,630.25,624.5,632.25,618.5,113040.0,0.64
2023-06-08,626.25,616.0,629.0,611.25,98910.0,1.54
2023-06-07,616.75,626.5,635.5,613.25,89270.0,-1.75
2023-06-06,627.75,624.25,648.0,621.25,113880.0,0.6
2023-06-05,624.0,621.5,631.5,615.5,69490.0,0.81
2023-06-02,619.0,610.25,622.5,602.25,69360.0,1.35
2023-06-01,610.75,594.25,617.5,593.0,80030.0,2.78
2023-05-31,594.25,591.5,595.0,573.25,73770.0,0.55
2023-05-30,591.0,616.75,616.75,588.75,74480.0,-4.2
2023-05-28,616.88,616.88,616.88,616.88,0.0,0.14
2023-05-26,616.0,606.0,618.5,602.5,48350.0,1.94
2023-05-25,604.25,607.0,616.5,599.0,53310.0,-0.33
2023-05-24,606.25,621.0,624.5,602.25,61470.0,-2.57
2023-05-23,622.25,607.5,624.75,594.25,57430.0,2.64
2023-05-22,606.25,607.75,613.75,596.25,60940.0,0.21
2023-05-19,605.0,611.0,620.75,602.0,62740.0,-1.1
2023-05-18,611.75,626.25,626.5,605.5,59510.0,-2.2
2023-05-17,625.5,646.75,654.25,616.0,98460.0,-3.4
2023-05-16,647.5,661.75,664.25,640.0,62560.0,-2.01
2023-05-15,660.75,635.0,663.75,632.5,67500.0,5.8
2023-05-12,624.5,628.0,654.0,626.0,70.0,1.67
2023-05-11,614.25,617.5,617.5,617.5,20.0,-2.23
2023-05-10,628.25,643.75,647.75,629.75,40.0,-0.36
2023-05-09,630.5,628.0,628.0,628.0,10.0,-1.64
2023-05-08,641.0,647.5,647.5,641.0,20.0,-0.93
2023-05-05,647.0,646.0,663.5,643.75,80.0,2.45
2023-05-04,631.5,624.0,625.25,624.0,190.0,0.84
2023-05-03,626.25,596.0,620.75,596.0,350.0,5.16
2023-05-02,595.5,612.0,612.75,596.5,410.0,-1.37
2023-05-01,603.75,620.0,620.0,599.5,1110.0,-2.58
2023-04-28,619.75,611.75,623.0,610.25,1020.0,0.81
2023-04-27,614.75,628.75,630.75,610.5,18400.0,-1.99
2023-04-26,627.25,639.75,643.0,626.5,18040.0,-1.8
2023-04-25,638.75,643.5,646.75,628.25,26650.0,-0.74
2023-04-24,643.5,669.25,669.5,643.25,25970.0,-2.76
2023-04-21,661.75,667.75,673.25,658.0,34370.0,-0.9
2023-04-20,667.75,683.0,684.75,666.5,36940.0,-2.05
2023-04-19,681.75,699.0,699.0,680.75,31370.0,-2.33
2023-04-18,698.0,693.5,707.0,689.25,44590.0,0.22
2023-04-17,696.5,686.25,697.0,674.5,71090.0,2.05
2023-04-14,682.5,668.75,685.25,661.25,81450.0,2.32
2023-04-13,667.0,680.75,680.75,664.5,91660.0,-1.84
2023-04-12,679.5,673.0,683.75,673.0,111540.0,0.82
2023-04-11,674.0,680.25,686.0,666.25,114950.0,-0.66
2023-04-10,678.5,684.5,687.5,668.25,67550.0,0.44
2023-04-07,675.5,675.5,675.5,675.5,0.0,0.0
2023-04-06,675.5,682.25,685.0,671.25,55620.0,-0.95
2023-04-05,682.0,693.0,693.25,675.0,56290.0,-1.37
2023-04-04,691.5,697.0,701.5,688.0,44900.0,-0.29
2023-04-03,693.5,697.0,710.0,691.5,51070.0,0.18
2023-03-31,692.25,692.5,701.25,681.0,58010.0,0.0
2023-03-30,692.25,705.25,710.0,690.25,45510.0,-1.77
2023-03-29,704.75,698.25,724.0,696.5,77190.0,0.71
2023-03-28,699.75,698.5,704.75,691.5,51080.0,0.25
2023-03-27,698.0,691.0,706.5,680.25,58960.0,1.38
2023-03-24,688.5,660.25,700.5,656.25,114500.0,4.0
2023-03-23,662.0,663.0,675.5,657.25,56070.0,-0.23
2023-03-22,663.5,682.5,684.0,654.0,89220.0,-2.89
2023-03-21,683.25,700.0,705.5,680.25,68060.0,-2.5
2023-03-20,700.75,708.5,708.5,695.25,61280.0,-1.37
2023-03-17,710.5,697.25,712.5,697.25,58010.0,1.65
2023-03-16,699.0,704.0,704.0,691.5,43890.0,-0.53
2023-03-15,702.75,697.25,706.0,692.75,50730.0,2.37
2023-03-14,686.5,683.0,699.75,677.5,40.0,2.12
2023-03-13,672.25,660.5,660.75,660.5,30.0,0.82
2023-03-10,666.75,662.25,662.25,662.25,40.0,2.03
2023-03-09,653.5,689.0,691.5,664.25,40.0,-3.11
2023-03-08,674.5,698.0,699.5,684.25,30.0,-1.5
2023-03-07,684.75,696.5,703.5,689.5,60.0,0.33
2023-03-06,682.5,690.75,692.25,684.75,20.0,-1.9
2023-03-03,695.75,698.75,698.75,696.75,130.0,-0.78
2023-03-02,701.25,702.5,706.5,702.5,170.0,0.61
2023-03-01,697.0,691.25,698.75,691.25,210.0,0.8
2023-02-28,691.5,694.0,699.5,687.0,1970.0,-0.65
2023-02-27,696.0,708.25,710.0,691.25,24590.0,-1.73
2023-02-24,708.25,740.5,741.0,703.0,29660.0,-4.06
2023-02-23,738.25,735.5,745.0,734.25,29840.0,0.24
2023-02-22,736.5,751.75,754.0,733.0,38930.0,-1.87
2023-02-21,750.5,765.75,773.25,749.5,49780.0,-1.86
2023-02-20,764.75,764.75,764.75,764.75,0.0,0.0
2023-02-19,764.75,764.75,764.75,764.75,0.0,-0.1
2023-02-17,765.5,765.0,771.5,759.5,32060.000000000004,0.07
2023-02-16,765.0,767.5,771.5,762.25,34050.0,-0.55
2023-02-15,769.25,786.0,787.25,766.75,55480.0,-2.13
2023-02-14,786.0,790.0,797.5,783.5,64640.0,-0.76
2023-02-13,792.0,789.0,796.0,776.0,88270.0,0.76
2023-02-10,786.0,755.0,790.0,755.0,109950.0,3.8
2023-02-09,757.25,764.75,770.5,754.75,75200.0,-0.98
2023-02-08,764.75,750.0,766.0,747.75,90200.0,2.0
2023-02-07,749.75,750.0,757.0,744.25,70660.0,-0.07
2023-02-06,750.25,758.0,766.5,745.5,56430.0,-0.86
2023-02-03,756.75,759.75,776.5,750.75,72370.0,-0.56
2023-02-02,761.0,757.5,770.75,750.5,59110.0,0.16
2023-02-01,759.75,760.75,762.5,744.5,60030.0,-0.2
2023-01-31,761.25,752.5,766.75,742.0,59640.0,1.16
2023-01-30,752.5,753.0,762.5,743.5,43810.0,0.33
2023-01-27,750.0,752.25,753.25,744.25,41130.0,-0.33
2023-01-26,752.5,741.0,758.0,738.0,47210.0,1.52
2023-01-25,741.25,735.0,746.5,734.75,41250.0,0.92
2023-01-24,734.5,720.5,739.0,719.75,44240.0,2.01
2023-01-23,720.0,738.0,740.5,712.5,64000.0,-2.9
2023-01-20,741.5,735.0,743.0,727.75,35440.0,0.95
2023-01-19,734.5,741.75,748.75,733.5,39220.0,-1.08
2023-01-18,742.5,749.0,760.25,740.25,45150.0,-1.23
2023-01-17,751.75,742.5,755.75,728.75,48650.0,1.08
2023-01-13,743.75,743.5,748.5,737.25,34230.0,0.13
2023-01-12,742.75,739.0,747.25,723.0,64690.0,0.37
2023-01-11,740.0,730.25,742.25,724.5,37160.0,1.23
2023-01-10,731.0,741.25,742.5,720.5,59340.0,-1.42
2023-01-09,741.5,748.0,758.0,740.25,45490.0,-0.27
2023-01-06,743.5,748.5,756.75,742.5,28670.0,-0.44
2023-01-05,746.75,746.0,752.0,736.0,36790.0,0.17
2023-01-04,745.5,780.5,780.5,744.25,51980.0,-3.87
2023-01-03,775.5,786.0,794.5,769.75,50140.0,-2.08
2022-12-30,792.0,775.5,799.0,771.5,34780.0,2.33
2022-12-29,774.0,785.0,786.5,765.5,35940.0,-1.46
2022-12-28,785.5,774.5,787.5,770.75,33180.0,1.42
2022-12-27,774.5,781.25,784.5,769.0,28360.0,-0.19
2022-12-23,776.0,762.0,778.0,758.0,25950.0,1.8
2022-12-22,762.25,766.75,777.0,758.0,34650.0,-0.72
2022-12-21,767.75,750.0,774.5,748.75,52900.0,2.3
2022-12-20,750.5,747.25,761.5,744.75,38340.0,0.27
2022-12-19,748.5,755.0,759.75,738.75,39780.0,-0.66
2022-12-16,753.5,758.25,764.25,750.75,32610.0,-0.5
2022-12-15,757.25,749.75,767.0,745.0,51210.0,3.98
2022-12-14,728.25,750.0,751.75,737.75,70.0,-0.07
2022-12-13,728.75,741.0,742.5,741.0,100.0,-0.58
2022-12-12,733.0,741.75,760.0,738.25,260.0,2.84
2022-12-09,712.75,749.75,752.5,730.75,50.0,-1.59
2022-12-08,724.25,721.0,726.75,721.0,230.0,-0.38
2022-12-07,727.0,727.25,728.75,727.25,410.0,3.05
2022-12-06,705.5,715.75,715.75,702.5,240.0,-1.4
2022-12-05,715.5,730.5,730.5,722.25,130.0,-2.95
2022-12-02,737.25,750.0,750.0,738.5,520.0,-2.83
2022-12-01,758.75,767.5,767.5,757.25,840.0,-1.65
2022-11-30,771.5,760.0,772.75,757.25,2250.0,1.81
2022-11-29,757.75,755.5,769.0,753.75,16740.0,0.13
2022-11-28,756.75,771.25,774.25,750.25,41780.0,-2.42
2022-11-25,775.5,790.75,799.75,771.0,22500.0,-2.13
2022-11-24,792.38,793.25,793.25,791.62,0.0,-0.14
2022-11-23,793.5,791.75,797.5,781.25,21450.0,0.25
2022-11-22,791.5,799.0,806.75,790.0,22210.0,-0.97
2022-11-21,799.25,805.25,808.75,786.0,32910.0,-0.5
2022-11-18,803.25,806.75,816.5,800.25,30560.0,-0.43
2022-11-17,806.75,818.25,818.25,793.75,40770.0,-1.31
2022-11-16,817.5,829.5,829.75,801.5,48020.0,-1.3
2022-11-15,828.25,818.5,843.0,799.25,73690.0,1.19
2022-11-14,818.5,813.0,828.75,804.75,45110.0,0.58
2022-11-11,813.75,804.25,819.5,799.5,75490.0,1.28
2022-11-10,803.5,806.75,815.75,795.5,77220.0,-0.37
2022-11-09,806.5,829.25,834.0,805.25,95230.0,-2.57
2022-11-08,827.75,847.75,855.0,824.75,72920.0,-2.13
2022-11-07,845.75,851.0,863.75,834.0,76860.0,-0.24
2022-11-04,847.75,842.0,855.5,834.0,43970.0,0.86
2022-11-03,840.5,844.75,849.0,827.75,48030.0,-0.65
2022-11-02,846.0,898.5,902.0,837.75,96130.0,-6.26
2022-11-01,902.5,878.5,904.0,867.75,74350.0,2.3
2022-10-31,882.25,884.5,893.25,853.75,98980.0,6.39
2022-10-28,829.25,839.75,840.25,822.5,33950.0,-1.1
2022-10-27,838.5,843.5,858.0,833.5,36090.0,-0.24
2022-10-26,840.5,836.25,846.5,824.0,39250.0,0.69
2022-10-25,834.75,840.0,844.75,826.75,40780.0,-0.48
2022-10-24,838.75,853.75,856.5,833.5,38010.0,-1.41
2022-10-21,850.75,850.25,863.0,833.0,41910.0,0.18
2022-10-20,849.25,844.5,855.75,836.75,34080.0,0.95
2022-10-19,841.25,847.0,862.75,835.5,39810.0,-0.97
2022-10-18,849.5,862.0,866.0,832.75,46280.0,-1.34
2022-10-17,861.0,860.0,877.75,855.25,42650.0,0.15
2022-10-14,859.75,894.25,898.75,857.25,45070.0,-3.64
2022-10-13,892.25,883.75,906.25,863.0,63570.0,1.13
2022-10-12,882.25,902.0,903.75,876.25,44740.0,-2.08
2022-10-11,901.0,934.0,936.75,898.0,65150.00000000001,-3.94
2022-10-10,938.0,895.25,949.75,891.5,77240.0,6.56
2022-10-07,880.25,883.25,896.75,872.5,38140.0,0.14
2022-10-06,879.0,905.75,907.75,873.25,46420.0,-2.55
2022-10-05,902.0,903.25,919.75,894.25,39960.0,-0.11
2022-10-04,903.0,916.25,927.0,897.5,50520.0,-0.99
2022-10-03,912.0,930.0,938.75,908.5,52400.0,-1.03
2022-09-30,921.5,899.75,945.75,892.75,78140.0,2.82
2022-09-29,896.25,902.5,914.5,887.75,41360.0,-0.77
2022-09-28,903.25,874.25,905.0,862.0,51300.0,3.64
2022-09-27,871.5,857.5,894.5,857.0,48800.0,1.57
2022-09-26,858.0,877.0,890.75,854.25,48790.0,-2.56
2022-09-23,880.5,908.75,913.0,876.0,54240.0,-3.32
2022-09-22,910.75,896.5,922.5,891.0,59590.0,0.77
2022-09-21,903.75,886.5,919.5,873.0,91300.0,1.12
2022-09-20,893.75,827.75,896.75,825.5,72770.0,7.62
2022-09-19,830.5,857.25,861.25,819.25,46380.0,-3.4
2022-09-16,859.75,846.75,866.5,830.75,47240.0,1.75
2022-09-15,845.0,874.0,884.75,843.25,52970.0,-1.02
2022-09-14,853.75,862.5,874.75,849.25,30.0,1.31
2022-09-13,842.75,850.0,850.0,839.0,30.0,0.18
2022-09-12,841.25,852.5,852.5,837.0,50.0,-1.41
2022-09-09,853.25,810.0,849.75,810.0,40.0,5.27
2022-09-08,810.5,815.0,816.5,805.5,310.0,-1.94
2022-09-07,826.5,802.25,855.0,802.25,390.0,3.31
2022-09-06,800.0,795.5,800.75,794.25,390.0,-1.51
2022-09-05,812.25,812.25,812.25,812.25,0.0,0.53
2022-09-04,808.0,808.0,808.0,808.0,0.0,1.89
2022-09-02,793.0,793.75,795.25,790.0,440.0,2.26
2022-09-01,775.5,802.75,806.0,773.0,1050.0,-4.14
2022-08-31,809.0,794.75,812.25,788.75,1710.0,1.35
2022-08-30,798.25,818.5,824.0,794.0,12220.0,-2.65
2022-08-29,820.0,785.75,827.0,774.75,23870.0,4.49
2022-08-26,784.75,764.5,792.25,764.0,28060.0,1.95
2022-08-25,769.75,794.75,803.5,766.5,18250.0,-3.18
2022-08-24,795.0,782.25,799.75,775.0,23600.0,1.56
2022-08-23,782.75,770.0,802.5,767.25,26880.0,1.59
2022-08-22,770.5,754.0,774.0,744.5,22520.0,2.29
2022-08-19,753.25,733.0,756.75,727.25,18900.0,2.97
2022-08-18,731.5,764.75,766.5,725.75,38270.0,-4.16
2022-08-17,763.25,785.25,797.0,759.5,29950.0,-2.89
2022-08-16,786.0,799.0,810.5,782.5,25480.0,-1.84
2022-08-15,800.75,802.0,804.5,778.0,29780.0,-0.65
2022-08-12,806.0,811.25,811.25,782.25,40650.0,-0.59
2022-08-11,810.75,800.0,820.75,794.5,63670.0,1.38
2022-08-10,799.75,781.5,808.5,780.25,68230.0,2.34
2022-08-09,781.5,785.75,801.25,772.75,59020.0,0.22
2022-08-08,779.75,776.5,793.75,760.75,64410.0,0.52
2022-08-05,775.75,782.0,796.75,769.75,51600.0,-0.86
2022-08-04,782.5,768.0,789.5,758.25,46770.0,2.45
2022-08-03,763.75,774.0,790.25,752.0,51390.0,-1.42
2022-08-02,774.75,795.0,795.75,772.75,47230.0,-3.19
2022-08-01,800.25,812.75,820.25,781.25,41080.0,-0.93
2022-07-29,807.75,817.0,845.75,801.0,47270.0,-1.13
2022-07-28,817.0,786.25,824.25,786.25,37420.0,3.39
2022-07-27,790.25,802.5,818.75,782.0,41490.0,-1.68
2022-07-26,803.75,773.0,806.0,772.25,43800.0,4.38
2022-07-25,770.0,787.0,793.5,760.5,47490.0,1.45
2022-07-22,759.0,803.25,807.25,754.0,66190.0,-5.86
2022-07-21,806.25,819.5,834.0,795.5,43050.0,-1.62
2022-07-20,819.5,810.25,843.5,801.0,38890.0,0.89
2022-07-19,812.25,808.5,822.25,792.5,45980.0,-0.06
2022-07-18,812.75,787.25,825.0,778.5,42330.0,4.63
2022-07-15,776.75,798.0,804.75,765.75,44620.0,-2.2
2022-07-14,794.25,812.75,829.5,792.0,40.0,-0.5
2022-07-13,798.25,810.0,819.25,810.0,30.0,-0.41
2022-07-12,801.5,835.0,839.25,807.25,70.0,-5.01
2022-07-11,843.75,888.0,888.0,849.25,100.0,-4.04
2022-07-08,879.25,843.5,872.25,841.75,110.0,6.64
2022-07-07,824.5,816.0,825.25,816.0,190.0,4.07
2022-07-06,792.25,791.0,813.0,779.0,380.0,-0.19
2022-07-05,793.75,829.0,829.0,797.5,80.0,-4.51
2022-07-01,831.25,876.0,878.0,832.75,420.0,-4.32
2022-06-30,868.75,914.25,917.75,869.5,2290.0,-5.11
2022-06-29,915.5,922.0,940.0,913.75,12310.0,-0.62
2022-06-28,921.25,908.0,935.0,907.25,23640.0,1.91
2022-06-27,904.0,922.0,940.0,900.5,26820.0,-2.14
2022-06-24,923.75,936.25,962.5,921.75,28750.0,-1.44
2022-06-23,937.25,973.25,974.5,934.5,32880.0,-4.02
2022-06-22,976.5,977.25,1007.25,960.0,35050.0,0.13
2022-06-21,975.25,1032.0,1033.25,973.5,54690.0,-5.7
2022-06-17,1034.25,1078.25,1083.75,1030.25,42370.0,-4.08
2022-06-16,1078.25,1050.25,1084.75,1047.0,38170.0,2.69
2022-06-15,1050.0,1055.0,1058.75,1036.5,32820.0,-0.02
2022-06-14,1050.25,1071.0,1072.75,1046.5,34010.0,-1.94
2022-06-13,1071.0,1073.0,1093.5,1053.5,62610.0,0.02
2022-06-10,1070.75,1074.5,1081.25,1053.0,62710.0,-0.05
2022-06-09,1071.25,1076.25,1082.0,1044.25,70950.0,-0.33
2022-06-08,1074.75,1073.0,1089.0,1061.75,68010.0,0.28
2022-06-07,1071.75,1093.0,1101.0,1058.5,84920.0,-1.94
2022-06-06,1093.0,1060.0,1108.75,1060.0,60710.0,5.1
2022-06-03,1040.0,1061.5,1069.25,1036.25,40840.0,-1.72
2022-06-02,1058.25,1043.25,1075.0,1037.25,58140.0,1.63
2022-06-01,1041.25,1091.0,1098.0,1027.25,81450.0,-4.25
2022-05-31,1087.5,1157.0,1157.25,1087.5,68160.0,-5.88
2022-05-30,1155.38,1157.5,1157.5,1155.38,0.0,-0.18
2022-05-27,1157.5,1143.25,1170.25,1133.5,25540.0,1.25
2022-05-26,1143.25,1133.0,1160.25,1115.0,38510.0,-0.44
2022-05-25,1148.25,1154.5,1158.5,1114.5,51660.0,-0.56
2022-05-24,1154.75,1196.0,1208.75,1138.0,52750.0,-2.96
2022-05-23,1190.0,1181.75,1196.75,1174.75,38140.0,1.82
2022-05-20,1168.75,1208.0,1208.0,1168.0,40070.0,-2.64
2022-05-19,1200.5,1222.0,1247.75,1193.5,54780.0,-2.46
2022-05-18,1230.75,1278.5,1280.0,1211.5,57090.0,-3.66
2022-05-17,1277.5,1268.0,1284.0,1200.75,73670.0,2.4
2022-05-16,1247.5,1234.25,1247.5,1222.25,53770.0,6.88
2022-05-13,1167.25,1172.75,1198.5,1158.5,0.0,-0.62
2022-05-12,1174.5,1107.75,1128.75,1103.25,160.0,5.93
2022-05-11,1108.75,1109.25,1115.0,1100.0,50.0,2.35
2022-05-10,1083.25,1096.75,1098.5,1092.0,40.0,0.0
2022-05-09,1083.25,1084.0,1086.0,1081.5,90.0,-1.25
2022-05-06,1097.0,1098.5,1098.5,1098.5,70.0,0.09
2022-05-05,1096.0,1084.5,1087.25,1084.5,180.0,2.81
2022-05-04,1066.0,1042.25,1069.75,1042.25,290.0,3.12
2022-05-03,1033.75,1045.0,1056.0,1039.5,180.0,-0.93
2022-05-02,1043.5,1037.5,1050.25,1029.25,340.0,-0.02
2022-04-29,1043.75,1071.25,1085.0,1043.75,580.0,-2.82
2022-04-28,1074.0,1082.5,1094.0,1070.0,6970.0,-0.56
2022-04-27,1080.0,1081.25,1087.0,1067.75,7090.0,-0.3
2022-04-26,1083.25,1069.75,1096.0,1066.75,9540.0,2.0
2022-04-25,1062.0,1065.75,1080.0,1045.75,12080.0,-0.33
2022-04-22,1065.5,1070.0,1076.0,1052.5,15260.0,-0.23
2022-04-21,1068.0,1094.25,1094.25,1052.5,11170.0,-1.84
2022-04-20,1088.0,1094.75,1109.75,1066.75,15110.0,-1.0
2022-04-19,1099.0,1123.25,1135.0,1096.0,18100.0,-1.92
2022-04-18,1120.5,1099.25,1134.75,1098.25,13170.0,2.26
2022-04-15,1095.75,1095.75,1095.75,1095.75,0.0,-0.07
2022-04-14,1096.5,1113.0,1127.5,1094.25,20650.0,-1.53
2022-04-13,1113.5,1102.5,1124.25,1078.0,53460.0,0.88
2022-04-12,1103.75,1077.75,1117.5,1075.0,50430.0,2.08
2022-04-11,1081.25,1056.0,1091.75,1055.0,55250.0,2.83
2022-04-08,1051.5,1020.0,1054.25,1017.0,47600.0,3.09
2022-04-07,1020.0,1040.25,1044.5,1017.75,50500.0,-1.76
2022-04-06,1038.25,1049.5,1056.25,1023.5,27910.0,-0.67
2022-04-05,1045.25,1020.5,1074.0,1020.0,26920.0,3.46
2022-04-04,1010.25,989.5,1014.5,984.75,26350.0,2.62
2022-04-01,984.5,1007.25,1032.75,982.5,33850.0,-2.14
2022-03-31,1006.0,1030.25,1075.0,1003.5,36850.0,-2.07
2022-03-30,1027.25,1015.0,1041.75,1002.25,26340.0,1.28
2022-03-29,1014.25,1047.0,1068.25,972.0,45990.0,-4.04
2022-03-28,1057.0,1092.75,1096.0,1047.0,26160.0,-4.11
2022-03-25,1102.25,1089.5,1109.0,1064.75,27910.0,1.52
2022-03-24,1085.75,1105.75,1115.0,1080.5,22420.0,-1.81
2022-03-23,1105.75,1119.25,1139.0,1101.0,24460.0,-1.12
2022-03-22,1118.25,1119.25,1169.25,1102.25,29010.0,-0.09
2022-03-21,1119.25,1075.0,1148.75,1061.75,37040.0,5.22
2022-03-18,1063.75,1095.0,1106.0,1055.75,19390.0,-3.12
2022-03-17,1098.0,1051.0,1108.25,1031.75,31160.0,2.69
2022-03-16,1069.25,1157.25,1159.5,1069.25,37910.0,-7.36
2022-03-15,1154.25,1106.0,1160.75,1088.25,30960.0,5.89
2022-03-14,1090.0,1123.5,1147.3,1064.25,20.0,0.0
2022-03-11,1090.0,1035.75,1044.75,1030.75,10.0,1.51
2022-03-10,1073.75,1142.5,1220.62,1080.1,10.0,-10.48
2022-03-09,1199.5,1284.38,1284.38,1200.75,10.0,-5.77
2022-03-08,1273.0,1319.25,1319.25,1275.5,30.0,-10.68
2022-03-07,1425.25,1311.25,1311.25,1311.25,80.0,5.73
2022-03-04,1348.0,1340.0,1340.0,1201.5,150.0,4.58
2022-03-03,1289.0,1124.25,1221.0,1119.0,370.0,21.78
2022-03-02,1058.5,1009.25,1132.0,997.5,460.0,5.67
2022-03-01,1001.75,951.0,1004.5,951.0,510.0,7.95
2022-02-28,928.0,920.25,930.5,885.5,1090.0,10.08
2022-02-25,843.0,923.25,951.25,841.5,8870.0,-8.96
2022-02-24,926.0,882.75,926.0,877.25,26660.0,5.71
2022-02-23,876.0,841.0,880.0,834.0,28030.0,3.76
2022-02-22,844.25,815.0,846.25,803.0,47220.0,5.93
2022-02-18,797.0,797.5,812.25,790.0,43500.0,-0.13
2022-02-17,798.0,780.0,799.25,775.5,47680.0,2.24
2022-02-16,780.5,779.75,786.75,773.25,33010.0,0.1
2022-02-15,779.75,801.25,801.75,773.0,55710.0,-2.44
2022-02-14,799.25,801.5,813.5,780.75,69680.0,0.19
2022-02-11,797.75,770.25,806.25,764.75,101600.0,3.4
2022-02-10,771.5,785.5,801.75,765.75,95100.0,-1.72
2022-02-09,785.0,779.5,788.25,770.5,100110.0,0.8
2022-02-08,778.75,771.25,782.0,754.0,99520.0,1.3
2022-02-07,768.75,776.0,776.5,760.0,81450.0,0.72
2022-02-04,763.25,754.75,767.25,748.25,50590.0,1.53
2022-02-03,751.75,754.0,756.5,740.0,52590.0,-0.43
2022-02-02,755.0,770.0,778.5,749.25,67580.0,-1.82
2022-02-01,769.0,762.5,776.75,760.5,52160.0,1.02
2022-01-31,761.25,793.0,798.5,756.75,71470.0,-3.18
2022-01-28,786.25,777.25,793.5,774.75,49080.0,1.19
2022-01-27,777.0,794.25,795.5,774.0,60150.0,-2.26
2022-01-26,795.0,817.25,817.5,787.0,73390.0,-2.81
2022-01-25,818.0,801.0,831.5,800.5,76140.0,2.19
2022-01-24,800.5,794.0,802.5,775.75,58620.0,2.63
2022-01-21,780.0,788.0,791.0,778.0,47700.0,-1.3
2022-01-20,790.25,794.0,802.75,783.75,58580.0,-0.78
2022-01-19,796.5,772.0,797.25,769.5,68430.0,3.58
2022-01-18,769.0,742.25,771.5,741.25,70560.0,3.71
2022-01-14,741.5,746.0,747.25,737.0,44590.0,-0.7
2022-01-13,746.75,757.0,757.75,741.0,49460.0,-1.45
2022-01-12,757.75,768.0,770.0,753.5,51640.0,-1.62
2022-01-11,770.25,761.75,770.5,758.25,43840.0,1.08
2022-01-10,762.0,760.75,767.5,748.0,46680.0,0.46
2022-01-07,758.5,748.0,760.75,735.5,58460.0,1.68
2022-01-06,746.0,761.75,762.0,736.0,64430.00000000001,-1.94
2022-01-05,760.75,771.0,771.5,756.0,40240.0,-1.2
2022-01-04,770.0,758.0,771.5,756.25,43220.0,1.58
2022-01-03,758.0,774.0,782.25,752.75,42120.0,-1.65
