Date,Adj Close,Close,High,Low,Open,Volume
2022-01-03,0.030201444402337074,0.030201444402337074,0.030216043815016747,0.029976017773151398,0.030188679695129395,0
2022-01-04,0.030081521719694138,0.030081521719694138,0.03012501820921898,0.029978716745972633,0.030081521719694138,0
2022-01-05,0.03008333034813404,0.03008333034813404,0.030234314501285553,0.030048077926039696,0.03009510040283203,0
2022-01-06,0.030076995491981506,0.030076995491981506,0.03012501820921898,0.02977076545357704,0.030101440846920013,0
2022-01-07,0.029803592711687088,0.029803592711687088,0.02987660840153694,0.029651595279574394,0.029803592711687088,0
2022-01-10,0.029774311929941177,0.029774311929941177,0.02979648858308792,0.02964456006884575,0.02977253682911396,0
2022-01-11,0.02974596992135048,0.02974596992135048,0.03001200594007969,0.0297477375715971,0.02978140488266945,0
2022-01-12,0.03002822771668434,0.03002822771668434,0.03007609210908413,0.029886431992053986,0.030055303126573563,0
2022-01-13,0.030074283480644226,0.030074283480644226,0.030170463025569916,0.03000660054385662,0.030068857595324516,0
2022-01-14,0.030120480805635452,0.030120480805635452,0.030216043815016747,0.030057108029723167,0.030119573697447777,0
2022-01-17,0.030154088512063026,0.030154088512063026,0.030298437923192978,0.029994001612067223,0.030153177678585052,0
2022-01-18,0.030225178226828575,0.030225178226828575,0.030432134866714478,0.030184121802449226,0.03024071455001831,0
2022-01-19,0.030216043815016747,0.030216043815016747,0.030395135283470154,0.03009328991174698,0.030216043815016747,0
2022-01-20,0.030385900288820267,0.030385900288820267,0.0305296890437603,0.030254438519477844,0.030385900288820267,0
2022-01-21,0.03038313239812851,0.03038313239812851,0.030436767265200615,0.03022974357008934,0.030379438772797585,0
2022-01-24,0.03036283515393734,0.03036283515393734,0.030369289219379425,0.03022974357008934,0.030348092317581177,0
2022-01-25,0.030309459194540977,0.030309459194540977,0.03037205897271633,0.03022974357008934,0.030331522226333618,0
2022-01-26,0.03030119463801384,0.03030119463801384,0.03041825070977211,0.03025718592107296,0.030295686796307564,0
2022-01-27,0.030206918716430664,0.030206918716430664,0.03028467483818531,0.030027324333786964,0.030206918716430664,0
2022-01-28,0.030044466257095337,0.030044466257095337,0.03014318086206913,0.029902515932917595,0.030042661353945732,0
2022-01-31,0.029941914603114128,0.029941914603114128,0.030115945264697075,0.029877500608563423,0.02994011901319027,0
2022-02-01,0.030125925317406654,0.030125925317406654,0.03014681302011013,0.030048981308937073,0.030125925317406654,0
2022-02-02,0.03013954497873783,0.03013954497873783,0.03019505925476551,0.030084233731031418,0.030151359736919403,0
2022-02-03,0.03019779361784458,0.03019779361784458,0.0302526094019413,0.030120480805635452,0.03019779361784458,0
2022-02-04,0.03023614175617695,0.03023614175617695,0.03039051964879036,0.03021148219704628,0.03022974357008934,0
2022-02-07,0.030367445200681686,0.030367445200681686,0.030465511605143547,0.03022061102092266,0.0303609911352396,0
2022-02-08,0.030330602079629898,0.030330602079629898,0.03044232726097107,0.030275508761405945,0.030330602079629898,0
2022-02-09,0.03043491579592228,0.03043491579592228,0.03061380609869957,0.030376672744750977,0.03045530803501606,0
2022-02-10,0.030573559924960136,0.030573559924960136,0.030745578929781914,0.030525032430887222,0.030571691691875458,0
2022-02-11,0.030577300116419792,0.030577300116419792,0.030679550021886826,0.030513854697346687,0.030568886548280716,0
2022-02-14,0.03059975430369377,0.03059975430369377,0.030859436839818954,0.03059133142232895,0.030593201518058777,0
2022-02-15,0.0308385007083416,0.0308385007083416,0.03098181262612343,0.03082614205777645,0.030863244086503983,0
2022-02-16,0.03091667778789997,0.03091667778789997,0.031002944335341454,0.030835645273327827,0.03091476857662201,0
2022-02-17,0.030959753319621086,0.030959753319621086,0.03117692843079567,0.030978934839367867,0.030985655263066292,0
2022-02-18,0.031149735674262047,0.031149735674262047,0.031181789934635162,0.03107520192861557,0.031147796660661697,0
2022-02-21,0.031121622771024704,0.031121622771024704,0.031172068789601326,0.030978934839367867,0.031120656058192253,0
2022-02-22,0.031000062823295593,0.031000062823295593,0.031020257622003555,0.03080335073173046,0.030997177585959435,0
2022-02-23,0.03084896318614483,0.03084896318614483,0.031066514551639557,0.03079765848815441,0.030846109613776207,0
2022-02-24,0.03098757378757,0.03098757378757,0.031008712947368622,0.03042287938296795,0.030978934839367867,0
2022-02-25,0.030772069469094276,0.030772069469094276,0.030868960544466972,0.030668262392282486,0.030750306323170662,0
2022-02-28,0.03060162626206875,0.03060162626206875,0.030688967555761337,0.030518511310219765,0.030587587505578995,0
2022-03-01,0.030629748478531837,0.030629748478531837,0.030773965641856194,0.03055300936102867,0.030648523941636086,0
2022-03-02,0.03055674210190773,0.03055674210190773,0.030839450657367706,0.030525032430887222,0.030575428158044815,0
2022-03-03,0.030792919918894768,0.030792919918894768,0.030886124819517136,0.030646642670035362,0.030814742669463158,0
2022-03-04,0.03071536123752594,0.03071536123752594,0.03075503744184971,0.03055114485323429,0.03071441873908043,0
2022-03-07,0.030581973493099213,0.030581973493099213,0.030595073476433754,0.03029935620725155,0.030595073476433754,0
2022-03-08,0.030295686796307564,0.030295686796307564,0.030353620648384094,0.030111413449048996,0.03030027635395527,0
2022-03-09,0.030127739533782005,0.030127739533782005,0.03033612295985222,0.03009328991174698,0.030133187770843506,0
2022-03-10,0.030327843502163887,0.030327843502163887,0.030349932610988617,0.0301568154245615,0.030349932610988617,0
2022-03-11,0.030191412195563316,0.030191412195563316,0.030215131118893623,0.03002101369202137,0.030215131118893623,0
2022-03-14,0.030064336955547333,0.030064336955547333,0.030063433572649956,0.029902515932917595,0.030063433572649956,0
2022-03-15,0.02994370646774769,0.02994370646774769,0.029941018670797348,0.029797377064824104,0.02992936782538891,0
2022-03-16,0.029841840267181396,0.029841840267181396,0.030184121802449226,0.029824038967490196,0.02985074557363987,0
2022-03-17,0.029992202296853065,0.029992202296853065,0.030152268707752228,0.02994011901319027,0.029992202296853065,0
2022-03-18,0.030103253200650215,0.030103253200650215,0.03013409487903118,0.02994011901319027,0.030105972662568092,0
2022-03-21,0.03002101369202137,0.03002101369202137,0.03002552129328251,0.029797377064824104,0.030012905597686768,0
2022-03-22,0.029777856543660164,0.029777856543660164,0.02990877628326416,0.029673589393496513,0.0297619067132473,0
2022-03-23,0.029866795986890793,0.029866795986890793,0.02993563935160637,0.029691211879253387,0.029871253296732903,0
2022-03-24,0.02973889373242855,0.02973889373242855,0.029873041436076164,0.02966654859483242,0.02974066138267517,0
2022-03-25,0.02983204647898674,0.02983204647898674,0.02993026375770569,0.0297619067132473,0.029830267652869225,0
2022-03-28,0.029730936512351036,0.029730936512351036,0.02974420040845871,0.029594553634524345,0.029730936512351036,0
2022-03-29,0.029599810019135475,0.029599810019135475,0.02989715151488781,0.029600685462355614,0.029599810019135475,0
2022-03-30,0.029856985434889793,0.029856985434889793,0.030055303126573563,0.029797377064824104,0.029856985434889793,0
2022-03-31,0.030012905597686768,0.030012905597686768,0.030162272974848747,0.029949087649583817,0.030012905597686768,0
2022-04-01,0.03008604794740677,0.03008604794740677,0.030075188726186752,0.029871253296732903,0.03008604794740677,0
2022-04-04,0.029868578538298607,0.029868578538298607,0.02993563935160637,0.02981514483690262,0.029868578538298607,0
2022-04-05,0.029905201867222786,0.029905201867222786,0.02998950332403183,0.029841840267181396,0.029905201867222786,0
2022-04-06,0.029808923602104187,0.029808923602104187,0.02985520288348198,0.029735354706645012,0.029808923602104187,0
2022-04-07,0.029787614941596985,0.029787614941596985,0.029950879514217377,0.029759246855974197,0.029787614941596985,0
2022-04-08,0.029862334951758385,0.029862334951758385,0.029881073161959648,0.02971768006682396,0.029862334951758385,0
2022-04-11,0.02981247939169407,0.02981247939169407,0.029817814007401466,0.029700031504034996,0.02981247939169407,0
2022-04-12,0.029735354706645012,0.029735354706645012,0.02989983558654785,0.029675349593162537,0.029735354706645012,0
2022-04-13,0.029808923602104187,0.029808923602104187,0.029915040358901024,0.029794715344905853,0.029808923602104187,0
2022-04-14,0.029890896752476692,0.029890896752476692,0.029904307797551155,0.029664788395166397,0.029890896752476692,0
2022-04-15,0.02970973588526249,0.02970973588526249,0.029765447601675987,0.029673589393496513,0.02970973588526249,0
2022-04-18,0.02976367622613907,0.02976367622613907,0.029762791469693184,0.029675349593162537,0.02976367622613907,0
2022-04-19,0.02968856878578663,0.02968856878578663,0.029723864048719406,0.02958492375910282,0.02968856878578663,0
2022-04-20,0.029609452933073044,0.029609452933073044,0.029686802998185158,0.029521165415644646,0.029609452933073044,0
2022-04-21,0.02960244007408619,0.02960244007408619,0.029616467654705048,0.0295072291046381,0.02960244007408619,0
2022-04-22,0.029503745958209038,0.029503745958209038,0.029558688402175903,0.029429076239466667,0.029503745958209038,0
2022-04-25,0.029458552598953247,0.029458552598953247,0.02945508062839508,0.02929115481674671,0.029458552598953247,0
2022-04-26,0.029359091073274612,0.029359091073274612,0.029424745589494705,0.029146021232008934,0.029359091073274612,0
2022-04-27,0.02920987270772457,0.02920987270772457,0.029194524511694908,0.029069766402244568,0.02920987270772457,0
2022-04-28,0.029112929478287697,0.029112929478287697,0.029120558872818947,0.028993910178542137,0.029112929478287697,0
2022-04-29,0.029041064903140068,0.029041064903140068,0.029286865144968033,0.029036005958914757,0.029041064903140068,0
2022-05-02,0.029249174520373344,0.029249174520373344,0.029247460886836052,0.02901073358952999,0.029249174520373344,0
2022-05-03,0.02901746705174446,0.02901746705174446,0.02915026992559433,0.028951939195394516,0.02901746705174446,0
2022-05-04,0.02914007566869259,0.02914007566869259,0.029192818328738213,0.029103608801960945,0.02914007566869259,0
2022-05-05,0.029368575662374496,0.029368575662374496,0.02945074252784252,0.029078220948576927,0.029368575662374496,0
2022-05-06,0.029154520481824875,0.029154520481824875,0.029174931347370148,0.029036005958914757,0.029154520481824875,0
2022-05-09,0.029102761298418045,0.029102761298418045,0.029102761298418045,0.028874196112155914,0.029102761298418045,0
2022-05-10,0.028910089284181595,0.028910089284181595,0.029014943167567253,0.028881700709462166,0.028910089284181595,0
2022-05-11,0.028861695900559425,0.028861695900559425,0.02898130565881729,0.028818443417549133,0.028861695900559425,0
2022-05-12,0.02887919917702675,0.02887919917702675,0.028890879824757576,0.028776979073882103,0.02887919917702675,0
2022-05-13,0.028792722150683403,0.028792722150683403,0.02888086624443531,0.028735632076859474,0.028792722150683403,0
2022-05-16,0.02886086329817772,0.02886086329817772,0.028846709057688713,0.028702640905976295,0.02886086329817772,0
2022-05-17,0.028820103034377098,0.028820103034377098,0.029027575626969337,0.02881014160811901,0.028820103034377098,0
2022-05-18,0.02900400198996067,0.02900400198996067,0.029014943167567253,0.02884254790842533,0.02900400198996067,0
2022-05-19,0.028924303129315376,0.028924303129315376,0.029086677357554436,0.028843382373452187,0.028924303129315376,0
2022-05-20,0.029089218005537987,0.029089218005537987,0.029208166524767876,0.028985507786273956,0.029089218005537987,0
2022-05-23,0.02913668006658554,0.02913668006658554,0.029347028583288193,0.02909514121711254,0.02913668006658554,0
2022-05-24,0.02929544635117054,0.02929544635117054,0.029372889548540115,0.029191114008426666,0.02929544635117054,0
2022-05-25,0.029330672696232796,0.029330672696232796,0.02934444509446621,0.029120558872818947,0.029330672696232796,0
2022-05-26,0.029205605387687683,0.029205605387687683,0.029321214184165,0.029120558872818947,0.029205605387687683,0
2022-05-27,0.029225239530205727,0.029225239530205727,0.029364263638854027,0.029220115393400192,0.029225239530205727,0
2022-05-30,0.029345305636525154,0.029345305636525154,0.0294074397534132,0.02929973602294922,0.029345305636525154,0
2022-05-31,0.029335835948586464,0.029335835948586464,0.029351335018873215,0.029112081974744797,0.029335835948586464,0
2022-06-01,0.029212433844804764,0.029212433844804764,0.029218409210443497,0.029086677357554436,0.029212433844804764,0
2022-06-02,0.029101068153977394,0.029101068153977394,0.029235489666461945,0.029044438153505325,0.029101068153977394,0
2022-06-03,0.029208166524767876,0.029208166524767876,0.02926543913781643,0.029086677357554436,0.029208166524767876,0
2022-06-06,0.029120558872818947,0.029120558872818947,0.02918429858982563,0.029019152745604515,0.029120558872818947,0
2022-06-07,0.029044438153505325,0.029044438153505325,0.029107844457030296,0.028985507786273956,0.029044438153505325,0
2022-06-08,0.02906470000743866,0.02906470000743866,0.029066387563943863,0.028951939195394516,0.02906470000743866,0
2022-06-09,0.02899475395679474,0.02899475395679474,0.02906554378569126,0.028935184702277184,0.02899475395679474,0
2022-06-10,0.02894020825624466,0.02894020825624466,0.028972910717129707,0.028710879385471344,0.02894020825624466,0
2022-06-13,0.028734806925058365,0.028734806925058365,0.028805991634726524,0.028620492666959763,0.028734806925058365,0
2022-06-14,0.028700171038508415,0.028700171038508415,0.028669724240899086,0.028538811951875687,0.028700171038508415,0
2022-06-15,0.028546961024403572,0.028546961024403572,0.028637705370783806,0.028465697541832924,0.028546961024403572,0
2022-06-16,0.028705937787890434,0.028705937787890434,0.02874719724059105,0.02843332476913929,0.028705937787890434,0
2022-06-17,0.028566531836986542,0.028566531836986542,0.0285893976688385,0.028344672173261642,0.028566531836986542,0
2022-06-20,0.02839215099811554,0.02839215099811554,0.028395377099514008,0.028288545086979866,0.02839215099811554,0
2022-06-21,0.028304556384682655,0.028304556384682655,0.028384899720549583,0.028220685198903084,0.028304556384682655,0
2022-06-22,0.02834065444767475,0.02834065444767475,0.028356727212667465,0.028145229443907738,0.02834065444767475,0
2022-06-23,0.028288545086979866,0.028288545086979866,0.028332626447081566,0.028161082416772842,0.028288545086979866,0
2022-06-24,0.028181714937090874,0.028181714937090874,0.02824459969997406,0.028113579377532005,0.028181714937090874,0
2022-06-27,0.028208743780851364,0.028208743780851364,0.02834145724773407,0.028185687959194183,0.028208743780851364,0
2022-06-28,0.02828134223818779,0.02828134223818779,0.02855103462934494,0.02825736813247204,0.02828134223818779,0
2022-06-29,0.0284414105117321,0.0284414105117321,0.028613939881324768,0.028368793427944183,0.0284414105117321,0
2022-06-30,0.0285078976303339,0.0285078976303339,0.028547775000333786,0.028253374621272087,0.0285078976303339,0
2022-07-01,0.02830936387181282,0.02830936387181282,0.02834065444767475,0.028019053861498833,0.02830936387181282,0
2022-07-04,0.02810567617416382,0.02810567617416382,0.028113579377532005,0.0279955193400383,0.02810567617416382,0
2022-07-05,0.028008852154016495,0.028008852154016495,0.0280693881213665,0.027785494923591614,0.028008852154016495,0
2022-07-06,0.027802491560578346,0.027802491560578346,0.02787456475198269,0.027601435780525208,0.027802491560578346,0
2022-07-07,0.027658693492412567,0.027658693492412567,0.027773918583989143,0.027525460347533226,0.027658693492412567,0
2022-07-08,0.027723101899027824,0.027723101899027824,0.027930619195103645,0.02768932469189167,0.027723101899027824,0
2022-07-11,0.027886223047971725,0.027886223047971725,0.027921263128519058,0.027563396841287613,0.027886223047971725,0
2022-07-12,0.027599912136793137,0.027599912136793137,0.027674000710248947,0.027502749115228653,0.027599912136793137,0
2022-07-13,0.027627361938357353,0.027627361938357353,0.027707738801836967,0.02749291993677616,0.027627361938357353,0
2022-07-14,0.027599912136793137,0.027599912136793137,0.02766864188015461,0.027270250022411346,0.027599912136793137,0
2022-07-15,0.027374761179089546,0.027374761179089546,0.027393506839871407,0.02722570113837719,0.027374761179089546,0
2022-07-18,0.02735229581594467,0.02735229581594467,0.027393506839871407,0.02728438377380371,0.02735229581594467,0
2022-07-19,0.027255384251475334,0.027255384251475334,0.027386005967855453,0.02722570113837719,0.027255384251475334,0
2022-07-20,0.027342572808265686,0.027342572808265686,0.027362775057554245,0.02725241146981716,0.027342572808265686,0
2022-07-21,0.027273965999484062,0.027273965999484062,0.027273965999484062,0.027063598856329918,0.027273965999484062,0
2022-07-22,0.027209404855966568,0.027209404855966568,0.027363525703549385,0.027102474123239517,0.027209404855966568,0
2022-07-25,0.02729332074522972,0.02729332074522972,0.027333607897162437,0.02719830349087715,0.02729332074522972,0
2022-07-26,0.027280664071440697,0.027280664071440697,0.02731345035135746,0.027227923274040222,0.027280664071440697,0
2022-07-27,0.027249440550804138,0.027249440550804138,0.027266530320048332,0.02711496688425541,0.027249440550804138,0
2022-07-28,0.027294810861349106,0.027294810861349106,0.027446135878562927,0.027204222977161407,0.027294810861349106,0
2022-07-29,0.027483854442834854,0.027483854442834854,0.02770083211362362,0.027412280440330505,0.027483854442834854,0
2022-08-01,0.02755352295935154,0.02755352295935154,0.027824152261018753,0.02751031704246998,0.02755352295935154,0
2022-08-02,0.02769852802157402,0.02769852802157402,0.027781637385487556,0.027654867619276047,0.02769852802157402,0
2022-08-03,0.027622021734714508,0.027622021734714508,0.02767017111182213,0.027502749115228653,0.027622021734714508,0
2022-08-04,0.027593817561864853,0.027593817561864853,0.02789555862545967,0.027578599750995636,0.027593817561864853,0
2022-08-05,0.027917364612221718,0.027917364612221718,0.02815711684525013,0.027894003316760063,0.027917364612221718,0
2022-08-08,0.0279720276594162,0.0279720276594162,0.028153153136372566,0.02790178544819355,0.0279720276594162,0
2022-08-09,0.028145229443907738,0.028145229443907738,0.028301352635025978,0.028129395097494125,0.028145229443907738,0
2022-08-10,0.028304556384682655,0.028304556384682655,0.02839699015021324,0.028081998229026794,0.028304556384682655,0
2022-08-11,0.028312571346759796,0.028312571346759796,0.02855103462934494,0.028256570920348167,0.028312571346759796,0
2022-08-12,0.028409089893102646,0.028409089893102646,0.0284414105117321,0.028254974633455276,0.028409089893102646,0
2022-08-15,0.028328612446784973,0.028328612446784973,0.02837684378027916,0.028145229443907738,0.028328612446784973,0
2022-08-16,0.02813810110092163,0.02813810110092163,0.028304556384682655,0.02810567617416382,0.02813810110092163,0
2022-08-17,0.028270147740840912,0.028270147740840912,0.028312571346759796,0.028169013559818268,0.028270147740840912,0
2022-08-18,0.02818489260971546,0.02818489260971546,0.02824539691209793,0.0279955193400383,0.02818489260971546,0
2022-08-19,0.028066234663128853,0.028066234663128853,0.028074117377400398,0.027932962402701378,0.028066234663128853,0
2022-08-22,0.027944669127464294,0.027944669127464294,0.027964206412434578,0.02763957902789116,0.027944669127464294,0
2022-08-23,0.027685493230819702,0.027685493230819702,0.027824152261018753,0.027535313740372658,0.027685493230819702,0
2022-08-24,0.027743101119995117,0.027743101119995117,0.027773918583989143,0.027593817561864853,0.027743101119995117,0
2022-08-25,0.02773386612534523,0.02773386612534523,0.027954043820500374,0.02771618403494358,0.02773386612534523,0
2022-08-26,0.02792515978217125,0.02792515978217125,0.027925942093133926,0.02767017111182213,0.02792515978217125,0
2022-08-29,0.0275557991117239,0.0275557991117239,0.027578599750995636,0.027404766529798508,0.0275557991117239,0
2022-08-30,0.027533039450645447,0.027533039450645447,0.027567194774746895,0.027389757335186005,0.027533039450645447,0
2022-08-31,0.02744312398135662,0.02744312398135662,0.027525460347533226,0.027336593717336655,0.02744312398135662,0
2022-09-01,0.02730599045753479,0.02730599045753479,0.027326136827468872,0.027159152552485466,0.02730599045753479,0
2022-09-02,0.027197562158107758,0.027197562158107758,0.027363525703549385,0.027137042954564095,0.027197562158107758,0
2022-09-05,0.02722570113837719,0.02722570113837719,0.027416039258241653,0.02715177647769451,0.02722570113837719,0
2022-09-06,0.02736726775765419,0.02736726775765419,0.027523187920451164,0.027262071147561073,0.02736726775765419,0
2022-09-07,0.02725686877965927,0.02725686877965927,0.027371013537049294,0.027159152552485466,0.02725686877965927,0
2022-09-08,0.02738225646317005,0.02738225646317005,0.027525460347533226,0.02736726775765419,0.02738225646317005,0
2022-09-09,0.027464982122182846,0.027464982122182846,0.02759762667119503,0.02745744213461876,0.027464982122182846,0
2022-09-12,0.027495188638567924,0.027495188638567924,0.027590014040470123,0.027412280440330505,0.027495188638567924,0
2022-09-13,0.0275725144892931,0.0275725144892931,0.027648750692605972,0.027337340638041496,0.0275725144892931,0
2022-09-14,0.027322405949234962,0.027322405949234962,0.027363525703549385,0.02722570113837719,0.027322405949234962,0
2022-09-15,0.027300026267766953,0.027300026267766953,0.027341078966856003,0.027070926502346992,0.027300026267766953,0
2022-09-16,0.027070926502346992,0.027070926502346992,0.027133360505104065,0.026961445808410645,0.027070926502346992,0
2022-09-19,0.02717391401529312,0.02717391401529312,0.027203483507037163,0.027001485228538513,0.02717391401529312,0
2022-09-20,0.027100270614027977,0.027100270614027977,0.027170220389962196,0.02697599120438099,0.027100270614027977,0
2022-09-21,0.027041643857955933,0.027041643857955933,0.027048958465456963,0.026888949796557426,0.027041643857955933,0
2022-09-22,0.026874497532844543,0.026874497532844543,0.02690775878727436,0.026702269911766052,0.026874497532844543,0
2022-09-23,0.0267594326287508,0.0267594326287508,0.02688533440232277,0.02660989761352539,0.0267594326287508,0
2022-09-26,0.02660989761352539,0.02660989761352539,0.02660989761352539,0.02636435441672802,0.02660989761352539,0
2022-09-27,0.02635115385055542,0.02635115385055542,0.02644173614680767,0.0263296477496624,0.02635115385055542,0
2022-09-28,0.026336580514907837,0.026336580514907837,0.026350460946559906,0.026011861860752106,0.026336580514907837,0
2022-09-29,0.026378264650702477,0.026378264650702477,0.026437541469931602,0.02611647918820381,0.026378264650702477,0
2022-09-30,0.02641170658171177,0.02641170658171177,0.026567481458187103,0.0263026375323534,0.02641170658171177,0
2022-10-03,0.026438938453793526,0.026438938453793526,0.026462025940418243,0.02621644176542759,0.026438938453793526,0
2022-10-04,0.026457825675606728,0.026457825675606728,0.026758000254631042,0.026350460946559906,0.026457825675606728,0
2022-10-05,0.026733679696917534,0.026733679696917534,0.026910657063126564,0.026602819561958313,0.026733679696917534,0
2022-10-06,0.026709401980042458,0.026709401980042458,0.026957809925079346,0.026688016951084137,0.026709401980042458,0
2022-10-07,0.02678954228758812,0.02678954228758812,0.02679743804037571,0.02658160589635372,0.02678954228758812,0
2022-10-10,0.026602819561958313,0.026602819561958313,0.0266155656427145,0.02631578966975212,0.026602819561958313,0
2022-10-11,0.02632271498441696,0.02632271498441696,0.026373393833637238,0.026171160861849785,0.02632271498441696,0
2022-10-12,0.026253608986735344,0.026253608986735344,0.026372699066996574,0.026123302057385445,0.026253608986735344,0
2022-10-13,0.026392187923192978,0.026392187923192978,0.026493575423955917,0.02611647918820381,0.026392187923192978,0
2022-10-14,0.026301946491003036,0.026301946491003036,0.026520274579524994,0.02611647918820381,0.026301946491003036,0
2022-10-17,0.026123302057385445,0.026123302057385445,0.0263296477496624,0.026109661906957626,0.026123302057385445,0
2022-10-18,0.026260502636432648,0.026260502636432648,0.02637409046292305,0.02619858644902706,0.026260502636432648,0
2022-10-19,0.0262674018740654,0.0262674018740654,0.02635115385055542,0.02606882154941559,0.0262674018740654,0
2022-10-20,0.026109661906957626,0.026109661906957626,0.026336580514907837,0.026005098596215248,0.026109661906957626,0
2022-10-21,0.026178009808063507,0.026178009808063507,0.026268091052770615,0.02604098804295063,0.026178009808063507,0
2022-10-24,0.026281209662556648,0.026281209662556648,0.026353932917118073,0.026156101375818253,0.026281209662556648,0
2022-10-25,0.026171160861849785,0.026171160861849785,0.026373393833637238,0.026094673201441765,0.026171160861849785,0
2022-10-26,0.026350460946559906,0.026350460946559906,0.026556899771094322,0.026246720924973488,0.026350460946559906,0
2022-10-27,0.02652519755065441,0.02652519755065441,0.026590796187520027,0.026406126096844673,0.02652519755065441,0
2022-10-28,0.026462025940418243,0.026462025940418243,0.02655760385096073,0.02631578966975212,0.026462025940418243,0
2022-10-31,0.026407521218061447,0.026407521218061447,0.026400551199913025,0.026222631335258484,0.026407521218061447,0
2022-11-01,0.0262743029743433,0.0262743029743433,0.026577366515994072,0.0262674018740654,0.0262743029743433,0
2022-11-02,0.026520274579524994,0.026520274579524994,0.026645351201295853,0.026476038619875908,0.026520274579524994,0
2022-11-03,0.02643195167183876,0.02643195167183876,0.02650410868227482,0.026288116350769997,0.02643195167183876,0
2022-11-04,0.0263074804097414,0.0263074804097414,0.026780931279063225,0.0263074804097414,0.0263074804097414,0
2022-11-07,0.026714397594332695,0.026714397594332695,0.026842033490538597,0.02666666731238365,0.026714397594332695,0
2022-11-08,0.026809651404619217,0.026809651404619217,0.027085591107606888,0.02674512006342411,0.026809651404619217,0
2022-11-09,0.02709292806684971,0.02709292806684971,0.02727099321782589,0.02705627679824829,0.02709292806684971,0
2022-11-10,0.027129679918289185,0.027129679918289185,0.027625834569334984,0.027048958465456963,0.027129679918289185,0
2022-11-11,0.027654867619276047,0.027654867619276047,0.028027690947055817,0.02763194404542446,0.027654867619276047,0
2022-11-14,0.027763893827795982,0.027763893827795982,0.028012773022055626,0.027760043740272522,0.027763893827795982,0
2022-11-15,0.028023766353726387,0.028023766353726387,0.02826855145394802,0.0279720276594162,0.028023766353726387,0
2022-11-16,0.028134936466813087,0.028134936466813087,0.02816583961248398,0.02791658602654934,0.028134936466813087,0
2022-11-17,0.027931401506066322,0.027931401506066322,0.028016697615385056,0.02776235342025757,0.027931401506066322,0
2022-11-18,0.02790178544819355,0.02790178544819355,0.028034765273332596,0.027855152264237404,0.02790178544819355,0
2022-11-21,0.027968116104602814,0.027968116104602814,0.027969682589173317,0.027563396841287613,0.027968116104602814,0
2022-11-22,0.0275557991117239,0.0275557991117239,0.02776235342025757,0.02755807898938656,0.0275557991117239,0
2022-11-23,0.02770850621163845,0.02770850621163845,0.02777700684964657,0.027563396841287613,0.02770850621163845,0
2022-11-24,0.027793219313025475,0.027793219313025475,0.02803947776556015,0.027739251032471657,0.027793219313025475,0
2022-11-25,0.027948575094342232,0.027948575094342232,0.028127020224928856,0.02790178544819355,0.027948575094342232,0
2022-11-28,0.027811769396066666,0.027811769396066666,0.028169013559818268,0.02772771567106247,0.027811769396066666,0
2022-11-29,0.027945449575781822,0.027945449575781822,0.028304556384682655,0.02792515978217125,0.027945449575781822,0
2022-11-30,0.02823502942919731,0.02823502942919731,0.0284414105117321,0.028153153136372566,0.02823502942919731,0
2022-12-01,0.028514400124549866,0.028514400124549866,0.028776150196790695,0.02850220911204815,0.028514400124549866,0
2022-12-02,0.028743891045451164,0.028743891045451164,0.02883506380021572,0.02856816165149212,0.028743891045451164,0
2022-12-05,0.028843382373452187,0.028843382373452187,0.028927652165293694,0.028546961024403572,0.028843382373452187,0
2022-12-06,0.028538811951875687,0.028538811951875687,0.028656579554080963,0.028457598760724068,0.028538811951875687,0
2022-12-07,0.028541257604956627,0.028541257604956627,0.028661508113145828,0.0284414105117321,0.028541257604956627,0
2022-12-08,0.02865329384803772,0.02865329384803772,0.028868360444903374,0.028645087033510208,0.02865329384803772,0
2022-12-09,0.02879355102777481,0.02879355102777481,0.02886086329817772,0.02871912717819214,0.02879355102777481,0
2022-12-12,0.028811801224946976,0.028811801224946976,0.028826752677559853,0.028702640905976295,0.028811801224946976,0
2022-12-13,0.028702640905976295,0.028702640905976295,0.028967874124646187,0.02867794781923294,0.028702640905976295,0
2022-12-14,0.028910089284181595,0.028910089284181595,0.02897374890744686,0.028860026970505714,0.028910089284181595,0
2022-12-15,0.02896871417760849,0.02896871417760849,0.028977109119296074,0.028498146682977676,0.02896871417760849,0
2022-12-16,0.028503021225333214,0.028503021225333214,0.028694406151771545,0.02845921739935875,0.028503021225333214,0
2022-12-19,0.02871912717819214,0.02871912717819214,0.028785260394215584,0.02865329384803772,0.028686173260211945,0
2022-12-20,0.028702640905976295,0.028702640905976295,0.028868360444903374,0.028546961024403572,0.028702640905976295,0
2022-12-21,0.0288517028093338,0.0288517028093338,0.028895052149891853,0.028681235387921333,0.0288517028093338,0
2022-12-22,0.028860026970505714,0.028860026970505714,0.028920959681272507,0.028701817616820335,0.028860026970505714,0
2022-12-23,0.028710879385471344,0.028710879385471344,0.02886669524013996,0.02862868644297123,0.028710879385471344,0
2022-12-26,0.028894217684864998,0.028894217684864998,0.02890590950846672,0.02875215746462345,0.028894217684864998,0
2022-12-27,0.0288517028093338,0.0288517028093338,0.02894272282719612,0.02883755974471569,0.0288517028093338,0
2022-12-28,0.028885038569569588,0.028885038569569588,0.028919287025928497,0.028743891045451164,0.028885038569569588,0
2022-12-29,0.028818443417549133,0.028818443417549133,0.028935184702277184,0.028788575902581215,0.028818443417549133,0
2022-12-30,0.028918448835611343,0.028918448835611343,0.029002320021390915,0.028868360444903374,0.028918448835611343,0
2023-01-02,0.029033474624156952,0.029033474624156952,0.02922694757580757,0.028876695781946182,0.029033474624156952,0
2023-01-03,0.028993910178542137,0.028993910178542137,0.029180040583014488,0.028993910178542137,0.028993910178542137,0
2023-01-04,0.029086677357554436,0.029086677357554436,0.029554322361946106,0.02905287779867649,0.029086677357554436,0
2023-01-05,0.02950897067785263,0.02950897067785263,0.029613833874464035,0.029274005442857742,0.02950897067785263,0
2023-01-06,0.029377201572060585,0.029377201572060585,0.02971768006682396,0.029349613934755325,0.029377201572060585,0
2023-01-09,0.02973712608218193,0.02973712608218193,0.02997242659330368,0.029673589393496513,0.02973712608218193,0
2023-01-10,0.029924888163805008,0.029924888163805008,0.030017411336302757,0.029765447601675987,0.029924888163805008,0
2023-01-11,0.029895365238189697,0.029895365238189697,0.030066147446632385,0.0297619067132473,0.029895365238189697,0
2023-01-12,0.02997422218322754,0.02997422218322754,0.030199620872735977,0.029885539785027504,0.02997422218322754,0
2023-01-13,0.030209653079509735,0.030209653079509735,0.030385900288820267,0.030129557475447655,0.030209653079509735,0
2023-01-16,0.03041732683777809,0.03041732683777809,0.030580105260014534,0.03022061102092266,0.03041732683777809,0
2023-01-17,0.03028467483818531,0.03028467483818531,0.03035822883248329,0.030147725716233253,0.03028467483818531,0
2023-01-18,0.03030303120613098,0.03030303120613098,0.030528757721185684,0.0301568154245615,0.03030303120613098,0
2023-01-19,0.03030303120613098,0.03030303120613098,0.030352698639035225,0.0301568154245615,0.03030303120613098,0
2023-01-20,0.03041362389922142,0.03041362389922142,0.0305810384452343,0.030371136963367462,0.03041362389922142,0
2023-01-23,0.030568886548280716,0.030568886548280716,0.03071253001689911,0.0304414015263319,0.030568886548280716,0
2023-01-24,0.030571691691875458,0.030571691691875458,0.030590396374464035,0.03041362389922142,0.030571691691875458,0
2023-01-25,0.03051571547985077,0.03051571547985077,0.030587587505578995,0.03041362389922142,0.03051571547985077,0
2023-01-26,0.030552076175808907,0.030552076175808907,0.030680492520332336,0.0304414015263319,0.030552076175808907,0
2023-01-27,0.030506407842040062,0.030506407842040062,0.030525032430887222,0.030357303097844124,0.030506407842040062,0
2023-01-30,0.030520372092723846,0.030520372092723846,0.03062411956489086,0.030497102066874504,0.030520372092723846,0
2023-01-31,0.030525032430887222,0.030525032430887222,0.0305548757314682,0.03023706004023552,0.030525032430887222,0
2023-02-01,0.03042750433087349,0.03042750433087349,0.030506407842040062,0.030349012464284897,0.03042750433087349,0
2023-02-02,0.030560478568077087,0.030560478568077087,0.030627869069576263,0.03031129576265812,0.030560478568077087,0
2023-02-03,0.03025718592107296,0.03025718592107296,0.030385900288820267,0.02994011901319027,0.03025718592107296,0
2023-02-06,0.029823150485754013,0.029823150485754013,0.029918622225522995,0.02958492375910282,0.029823150485754013,0
2023-02-07,0.029629629105329514,0.029629629105329514,0.029808923602104187,0.02962348610162735,0.029629629105329514,0
2023-02-08,0.029845399782061577,0.029845399782061577,0.02994011901319027,0.029750395566225052,0.029845399782061577,0
2023-02-09,0.0298641175031662,0.0298641175031662,0.029985008761286736,0.029779629781842232,0.0298641175031662,0
2023-02-10,0.029797377064824104,0.029797377064824104,0.029808923602104187,0.029577046632766724,0.029797377064824104,0
2023-02-13,0.030004801228642464,0.030004801228642464,0.030004801228642464,0.029489826411008835,0.030004801228642464,0
2023-02-14,0.029594553634524345,0.029594553634524345,0.029686802998185158,0.029469838365912437,0.029594553634524345,0
2023-02-15,0.029542099684476852,0.029542099684476852,0.02955082803964615,0.02901073358952999,0.029542099684476852,0
2023-02-16,0.02918941155076027,0.02918941155076027,0.029320355504751205,0.02899811416864395,0.02918941155076027,0
2023-02-17,0.029069766402244568,0.029069766402244568,0.029086677357554436,0.028876695781946182,0.029069766402244568,0
2023-02-20,0.029055409133434296,0.029055409133434296,0.029162170365452766,0.028993910178542137,0.029055409133434296,0
2023-02-21,0.02908160164952278,0.02908160164952278,0.029117165133357048,0.0288325697183609,0.02908160164952278,0
2023-02-22,0.028860026970505714,0.028860026970505714,0.028970390558242798,0.02882259711623192,0.028860026970505714,0
2023-02-23,0.028860026970505714,0.028860026970505714,0.02901073358952999,0.028785260394215584,0.028860026970505714,0
2023-02-24,0.028808480128645897,0.028808480128645897,0.02888670563697815,0.02857959270477295,0.028808480128645897,0
2023-02-27,0.028621312230825424,0.028621312230825424,0.02864590846002102,0.0284438356757164,0.028621312230825424,0
2023-02-28,0.02857959270477295,0.02857959270477295,0.028620492666959763,0.02826935052871704,0.02857959270477295,0
2023-03-01,0.02840021625161171,0.02840021625161171,0.028895890340209007,0.028288545086979866,0.02840021625161171,0
2023-03-02,0.028828414157032967,0.028828414157032967,0.028846709057688713,0.02861148491501808,0.028828414157032967,0
2023-03-03,0.02871912717819214,0.02871912717819214,0.028935184702277184,0.028702640905976295,0.02871912717819214,0
2023-03-06,0.028957808390259743,0.028957808390259743,0.029086677357554436,0.02886502631008625,0.028957808390259743,0
2023-03-07,0.02904190868139267,0.02904190868139267,0.029044438153505325,0.028522532433271408,0.02904190868139267,0
2023-03-08,0.028527414426207542,0.028527414426207542,0.028658220544457436,0.028422819450497627,0.028527414426207542,0
2023-03-09,0.028536370024085045,0.028536370024085045,0.028645087033510208,0.028461650013923645,0.028536370024085045,0
2023-03-10,0.02857142873108387,0.02857142873108387,0.02894439734518528,0.028458409011363983,0.02857142873108387,0
2023-03-13,0.02891426905989647,0.02891426905989647,0.029055409133434296,0.02879355102777481,0.02891426905989647,0
2023-03-14,0.02896871417760849,0.02896871417760849,0.02905118651688099,0.028876695781946182,0.02896871417760849,0
2023-03-15,0.028950262814760208,0.028950262814760208,0.029021678492426872,0.028776979073882103,0.028950262814760208,0
2023-03-16,0.028935184702277184,0.028935184702277184,0.02913837879896164,0.028885038569569588,0.028935184702277184,0
2023-03-17,0.029044438153505325,0.029044438153505325,0.02941003628075123,0.029044438153505325,0.029044438153505325,0
2023-03-20,0.029361678287386894,0.029361678287386894,0.029429076239466667,0.029268862679600716,0.029361678287386894,0
2023-03-21,0.02938065677881241,0.02938065677881241,0.029408304020762444,0.02903684787452221,0.02938065677881241,0
2023-03-22,0.029058787971735,0.029058787971735,0.029118016362190247,0.028943561017513275,0.029058787971735,0
2023-03-23,0.029231220483779907,0.029231220483779907,0.029420416802167892,0.029222676530480385,0.029231220483779907,0
2023-03-24,0.02938583679497242,0.02938583679497242,0.02938842587172985,0.029171530157327652,0.02938583679497242,0
2023-03-27,0.029248319566249847,0.029248319566249847,0.029282575473189354,0.02901073358952999,0.029248319566249847,0
2023-03-28,0.029061319306492805,0.029061319306492805,0.029241474345326424,0.02905287779867649,0.029061319306492805,0
2023-03-29,0.02921414002776146,0.02921414002776146,0.029313480481505394,0.029115471988916397,0.02921414002776146,0
2023-03-30,0.02926543913781643,0.02926543913781643,0.02929115481674671,0.029120558872818947,0.02926543913781643,0
2023-03-31,0.0293126180768013,0.0293126180768013,0.029399659484624863,0.02923976629972458,0.0293126180768013,0
2023-04-03,0.029171530157327652,0.029171530157327652,0.02927486225962639,0.029015783220529556,0.029171530157327652,0
2023-04-04,0.02923976629972458,0.02923976629972458,0.029394473880529404,0.02915196865797043,0.02923976629972458,0
2023-04-05,0.029403118416666985,0.029403118416666985,0.029608575627207756,0.029384108260273933,0.029403118416666985,0
2023-04-06,0.029463760554790497,0.029463760554790497,0.029472442343831062,0.029274005442857742,0.029463760554790497,0
2023-04-07,0.029308324679732323,0.029308324679732323,0.02938583679497242,0.029256874695420265,0.029308324679732323,0
2023-04-10,0.02926543913781643,0.02926543913781643,0.029267150908708572,0.029061319306492805,0.02926543913781643,0
2023-04-11,0.029103608801960945,0.029103608801960945,0.029248319566249847,0.02907991036772728,0.029103608801960945,0
2023-04-12,0.029180040583014488,0.029180040583014488,0.029323792085051537,0.029171530157327652,0.029180040583014488,0
2023-04-13,0.029306603595614433,0.029306603595614433,0.029430808499455452,0.029262011870741844,0.029306603595614433,0
2023-04-14,0.02941090054810047,0.02941090054810047,0.029463760554790497,0.029069766402244568,0.02941090054810047,0
2023-04-17,0.029120558872818947,0.029120558872818947,0.029205605387687683,0.028982987627387047,0.029120558872818947,0
2023-04-18,0.02899811416864395,0.02899811416864395,0.029235489666461945,0.028985507786273956,0.02899811416864395,0
2023-04-19,0.029171530157327652,0.029171530157327652,0.029222676530480385,0.02898382768034935,0.029171530157327652,0
2023-04-20,0.02905203029513359,0.02905203029513359,0.029192818328738213,0.028985507786273956,0.02905203029513359,0
2023-04-21,0.029154520481824875,0.029154520481824875,0.029180040583014488,0.029019152745604515,0.029154520481824875,0
2023-04-24,0.029114624485373497,0.029114624485373497,0.029112081974744797,0.02896871417760849,0.029114624485373497,0
2023-04-25,0.029163019731640816,0.029163019731640816,0.029215846210718155,0.029027575626969337,0.029163019731640816,0
2023-04-26,0.029146021232008934,0.029146021232008934,0.029370300471782684,0.02909514121711254,0.029146021232008934,0
2023-04-27,0.02929973602294922,0.02929973602294922,0.02938583679497242,0.029231220483779907,0.02929973602294922,0
2023-04-28,0.029337558895349503,0.029337558895349503,0.029391882941126823,0.02923976629972458,0.029337558895349503,0
2023-05-01,0.02929973602294922,0.02929973602294922,0.02933497540652752,0.02918856032192707,0.02929973602294922,0
2023-05-02,0.02924489602446556,0.02924489602446556,0.029361678287386894,0.029205605387687683,0.02924489602446556,0
2023-05-03,0.029351335018873215,0.029351335018873215,0.029472442343831062,0.029339279979467392,0.029351335018873215,0
2023-05-04,0.029542099684476852,0.029542099684476852,0.02963840961456299,0.029524654150009155,0.029542099684476852,0
2023-05-05,0.029603317379951477,0.029603317379951477,0.029735354706645012,0.0294785238802433,0.029603317379951477,0
2023-05-08,0.029533371329307556,0.029533371329307556,0.029603317379951477,0.029402250424027443,0.029533371329307556,0
2023-05-09,0.029577046632766724,0.029577046632766724,0.029735354706645012,0.029515936970710754,0.029577046632766724,0
2023-05-10,0.029700031504034996,0.029700031504034996,0.029863227158784866,0.029645441100001335,0.029700031504034996,0
2023-05-11,0.029735354706645012,0.029735354706645012,0.029797377064824104,0.029559560120105743,0.029735354706645012,0
2023-05-12,0.029601560905575752,0.029601560905575752,0.029582297429442406,0.029411764815449715,0.029601560905575752,0
2023-05-15,0.029515936970710754,0.029515936970710754,0.029718566685914993,0.029489826411008835,0.029515936970710754,0
2023-05-16,0.029620854184031487,0.029620854184031487,0.029682399705052376,0.029368575662374496,0.029620854184031487,0
2023-05-17,0.029343584552407265,0.029343584552407265,0.029351335018873215,0.029120558872818947,0.029343584552407265,0
2023-05-18,0.029197080060839653,0.029197080060839653,0.029325515031814575,0.029019152745604515,0.029197080060839653,0
2023-05-19,0.029061319306492805,0.029061319306492805,0.029157917946577072,0.02897374890744686,0.029061319306492805,0
2023-05-22,0.0291732307523489,0.0291732307523489,0.029205605387687683,0.02896871417760849,0.0291732307523489,0
2023-05-23,0.029019152745604515,0.029019152745604515,0.02905287779867649,0.028785260394215584,0.029019152745604515,0
2023-05-24,0.028893383219838142,0.028893383219838142,0.02905203029513359,0.0288517028093338,0.028893383219838142,0
2023-05-25,0.028855033218860626,0.028855033218860626,0.028935184702277184,0.02876870147883892,0.028855033218860626,0
2023-05-26,0.02879437990486622,0.02879437990486622,0.028918448835611343,0.02875215746462345,0.02879437990486622,0
2023-05-29,0.02879355102777481,0.02879355102777481,0.0288517028093338,0.028668081387877464,0.02879355102777481,0
2023-05-30,0.02881014160811901,0.02881014160811901,0.028901735320687294,0.028668902814388275,0.02881014160811901,0
2023-05-31,0.028818443417549133,0.028818443417549133,0.028893383219838142,0.028727376833558083,0.028818443417549133,0
2023-06-01,0.028876695781946182,0.028876695781946182,0.028939371928572655,0.028665617108345032,0.028876695781946182,0
2023-06-02,0.028918448835611343,0.028918448835611343,0.029002320021390915,0.028776979073882103,0.028918448835611343,0
2023-06-05,0.028702640905976295,0.028702640905976295,0.028805162757635117,0.028645087033510208,0.028702640905976295,0
2023-06-06,0.02876870147883892,0.02876870147883892,0.028818443417549133,0.028694406151771545,0.02876870147883892,0
2023-06-07,0.028791062533855438,0.028791062533855438,0.028840884566307068,0.028727376833558083,0.028791062533855438,0
2023-06-08,0.028733154758810997,0.028733154758810997,0.028885873034596443,0.028644267469644547,0.028733154758810997,0
2023-06-09,0.02889922820031643,0.02889922820031643,0.028951101005077362,0.0288517028093338,0.02889922820031643,0
2023-06-12,0.028910089284181595,0.028910089284181595,0.028960324823856354,0.02879355102777481,0.028910089284181595,0
2023-06-13,0.028893383219838142,0.028893383219838142,0.029033474624156952,0.028817612677812576,0.028893383219838142,0
2023-06-14,0.028843382373452187,0.028843382373452187,0.028920123353600502,0.02881014160811901,0.028843382373452187,0
2023-06-15,0.028870027512311935,0.028870027512311935,0.028915105387568474,0.02867794781923294,0.028870027512311935,0
2023-06-16,0.028918448835611343,0.028918448835611343,0.028946910053491592,0.02881014160811901,0.028918448835611343,0
2023-06-19,0.02883506380021572,0.02883506380021572,0.028843382373452187,0.028743891045451164,0.02883506380021572,0
2023-06-20,0.028787748888134956,0.028787748888134956,0.0288517028093338,0.028686173260211945,0.028787748888134956,0
2023-06-21,0.028720775619149208,0.028720775619149208,0.028735632076859474,0.02865329384803772,0.028720775619149208,0
2023-06-22,0.02875959873199463,0.02875959873199463,0.028760425746440887,0.028473805636167526,0.02875959873199463,0
2023-06-23,0.028485970571637154,0.028485970571637154,0.02851521223783493,0.02835029736161232,0.028485970571637154,0
2023-06-26,0.028409089893102646,0.028409089893102646,0.028465697541832924,0.028351904824376106,0.028409089893102646,0
2023-06-27,0.028392957523465157,0.028392957523465157,0.028457598760724068,0.028344672173261642,0.028392957523465157,0
2023-06-28,0.028352707624435425,0.028352707624435425,0.028368793427944183,0.028058361262083054,0.028352707624435425,0
2023-06-29,0.02809778042137623,0.02809778042137623,0.02813018672168255,0.027994737029075623,0.02809778042137623,0
2023-06-30,0.028074117377400398,0.028074117377400398,0.0283832885324955,0.02801591344177723,0.028074117377400398,0
2023-07-03,0.028328612446784973,0.028328612446784973,0.028620492666959763,0.028320588171482086,0.028328612446784973,0
2023-07-04,0.028546961024403572,0.028546961024403572,0.028724901378154755,0.028490029275417328,0.028546961024403572,0
2023-07-05,0.028695229440927505,0.028695229440927505,0.028727376833558083,0.028587764129042625,0.028695229440927505,0
2023-07-06,0.028600845485925674,0.028600845485925674,0.028612302616238594,0.02837684378027916,0.028600845485925674,0
2023-07-07,0.028425240889191628,0.028425240889191628,0.02856898121535778,0.02833663858473301,0.028425240889191628,0
2023-07-10,0.028465697541832924,0.028465697541832924,0.028530670329928398,0.028391346335411072,0.028465697541832924,0
2023-07-11,0.028538811951875687,0.028538811951875687,0.028803503140807152,0.028514400124549866,0.028538811951875687,0
2023-07-12,0.028776979073882103,0.028776979073882103,0.02888086624443531,0.028538811951875687,0.028776979073882103,0
2023-07-13,0.02886502631008625,0.02886502631008625,0.029002320021390915,0.028829244896769524,0.02886502631008625,0
2023-07-14,0.028943561017513275,0.028943561017513275,0.02896619774401188,0.028810972347855568,0.028943561017513275,0
2023-07-17,0.028876695781946182,0.028876695781946182,0.028943561017513275,0.02880433388054371,0.028876695781946182,0
2023-07-18,0.028910089284181595,0.028910089284181595,0.02946636453270912,0.028901735320687294,0.028910089284181595,0
2023-07-19,0.029368575662374496,0.029368575662374496,0.0294785238802433,0.029256874695420265,0.029368575662374496,0
2023-07-20,0.02941695600748062,0.02941695600748062,0.029625238850712776,0.029205605387687683,0.02941695600748062,0
2023-07-21,0.029248319566249847,0.029248319566249847,0.029256874695420265,0.029012419283390045,0.029248319566249847,0
2023-07-24,0.029069766402244568,0.029069766402244568,0.029112081974744797,0.028937697410583496,0.029069766402244568,0
2023-07-25,0.028943561017513275,0.028943561017513275,0.029086677357554436,0.028901735320687294,0.028943561017513275,0
2023-07-26,0.02907991036772728,0.02907991036772728,0.02923976629972458,0.028951939195394516,0.02907991036772728,0
2023-07-27,0.029219262301921844,0.029219262301921844,0.029417822137475014,0.029002320021390915,0.029219262301921844,0
2023-07-28,0.029024207964539528,0.029024207964539528,0.029231220483779907,0.028935184702277184,0.029024207964539528,0
2023-07-31,0.029205605387687683,0.029205605387687683,0.029341861605644226,0.029153669252991676,0.02918856032192707,0
2023-08-01,0.029209019616246223,0.029209019616246223,0.02929973602294922,0.0290579404681921,0.029209019616246223,0
2023-08-02,0.029163019731640816,0.029163019731640816,0.029222676530480385,0.028967874124646187,0.029163019731640816,0
2023-08-03,0.029027575626969337,0.029027575626969337,0.02908075600862503,0.028825918212532997,0.029027575626969337,0
2023-08-04,0.028935184702277184,0.028935184702277184,0.028954455628991127,0.028733981773257256,0.028935184702277184,0
2023-08-07,0.028876695781946182,0.028876695781946182,0.028896724805235863,0.028671370819211006,0.028876695781946182,0
2023-08-08,0.02871912717819214,0.02871912717819214,0.028727376833558083,0.028522532433271408,0.02871912717819214,0
2023-08-09,0.02857142873108387,0.02857142873108387,0.028697697445750237,0.028514400124549866,0.02857142873108387,0
2023-08-10,0.02852660045027733,0.02852660045027733,0.028686994686722755,0.02844788320362568,0.02852660045027733,0
2023-08-11,0.028473805636167526,0.028473805636167526,0.02857387624680996,0.028425240889191628,0.028473805636167526,0
2023-08-14,0.02850220911204815,0.02850220911204815,0.028499770909547806,0.028304556384682655,0.02850220911204815,0
2023-08-15,0.028384899720549583,0.028384899720549583,0.028411513194441795,0.028219887986779213,0.028384899720549583,0
2023-08-16,0.028240609914064407,0.028240609914064407,0.028339851647615433,0.02818012796342373,0.028240609914064407,0
2023-08-17,0.028193632140755653,0.028193632140755653,0.02829975262284279,0.028094621375203133,0.028193632140755653,0
2023-08-18,0.028193632140755653,0.028193632140755653,0.028306961059570312,0.028169013559818268,0.028193632140755653,0
2023-08-21,0.02827254869043827,0.02827254869043827,0.028490029275417328,0.02827254869043827,0.02827254869043827,0
2023-08-22,0.028417164459824562,0.028417164459824562,0.028645087033510208,0.028425240889191628,0.028417164459824562,0
2023-08-23,0.028555110096931458,0.028555110096931458,0.028692757710814476,0.028473805636167526,0.028555110096931458,0
2023-08-24,0.028650833293795586,0.028650833293795586,0.028727376833558083,0.028538811951875687,0.028650833293795586,0
2023-08-25,0.02857959270477295,0.02857959270477295,0.028587764129042625,0.028425240889191628,0.02857959270477295,0
2023-08-28,0.02851683832705021,0.02851683832705021,0.02851928025484085,0.02833663858473301,0.02851683832705021,0
2023-08-29,0.028384899720549583,0.028384899720549583,0.02857959270477295,0.028360750526189804,0.028384899720549583,0
2023-08-30,0.02857142873108387,0.02857142873108387,0.0286336038261652,0.028465697541832924,0.02857142873108387,0
2023-08-31,0.028575511649250984,0.028575511649250984,0.02867794781923294,0.028547775000333786,0.028575511649250984,0
2023-09-01,0.028569797053933144,0.028569797053933144,0.028692757710814476,0.028456788510084152,0.028569797053933144,0
2023-09-04,0.028490029275417328,0.028490029275417328,0.028534742072224617,0.028352707624435425,0.028490029275417328,0
2023-09-05,0.028359944000840187,0.028359944000840187,0.028377650305628777,0.02817695029079914,0.028359944000840187,0
2023-09-06,0.02821272425353527,0.02821272425353527,0.028240609914064407,0.028089888393878937,0.02821272425353527,0
2023-09-07,0.02812860533595085,0.02812860533595085,0.028153153136372566,0.028049703687429428,0.02812860533595085,0
2023-09-08,0.028064660727977753,0.028064660727977753,0.028204765170812607,0.028063086792826653,0.028064660727977753,0
2023-09-11,0.028169013559818268,0.028169013559818268,0.028240609914064407,0.02809778042137623,0.028169013559818268,0
2023-09-12,0.028169013559818268,0.028169013559818268,0.028161082416772842,0.027990033850073814,0.028169013559818268,0
2023-09-13,0.02809778042137623,0.02809778042137623,0.028113579377532005,0.027948575094342232,0.02809778042137623,0
2023-09-14,0.027979852631688118,0.027979852631688118,0.028066234663128853,0.027919702231884003,0.027979852631688118,0
2023-09-15,0.027948575094342232,0.027948575094342232,0.0280441977083683,0.0279072355479002,0.027948575094342232,0
2023-09-18,0.028003361076116562,0.028003361076116562,0.028074117377400398,0.027964206412434578,0.028003361076116562,0
2023-09-19,0.028038693591952324,0.028038693591952324,0.028058361262083054,0.027770064771175385,0.028038693591952324,0
2023-09-20,0.027770835906267166,0.027770835906267166,0.027846621349453926,0.027545932680368423,0.027770835906267166,0
2023-09-21,0.027601435780525208,0.027601435780525208,0.027726175263524055,0.02754214033484459,0.027601435780525208,0
2023-09-22,0.027685493230819702,0.027685493230819702,0.0278629157692194,0.027593817561864853,0.027685493230819702,0
2023-09-25,0.027800943702459335,0.027800943702459335,0.0278629157692194,0.02766251564025879,0.027800943702459335,0
2023-09-26,0.027667108923196793,0.027667108923196793,0.027679363265633583,0.027404766529798508,0.027667108923196793,0
2023-09-27,0.027474792674183846,0.027474792674183846,0.027480076998472214,0.02729034051299095,0.027474792674183846,0
2023-09-28,0.027270250022411346,0.027270250022411346,0.027356786653399467,0.02715841494500637,0.027270250022411346,0
2023-09-29,0.027347808703780174,0.027347808703780174,0.02751258760690689,0.027292577549815178,0.027347808703780174,0
2023-10-02,0.027267273515462875,0.027267273515462875,0.027269503101706505,0.027040183544158936,0.027267273515462875,0
2023-10-03,0.0270095095038414,0.0270095095038414,0.027076058089733124,0.02691645175218582,0.0270095095038414,0
2023-10-04,0.026961445808410645,0.026961445808410645,0.027100270614027977,0.026860060170292854,0.026961445808410645,0
2023-10-05,0.027088524773716927,0.027088524773716927,0.02718869037926197,0.02697526477277279,0.027088524773716927,0
2023-10-06,0.02707459032535553,0.02707459032535553,0.02715030312538147,0.026894735172390938,0.02707459032535553,0
2023-10-09,0.027070926502346992,0.027070926502346992,0.027078988030552864,0.02693820185959339,0.027070926502346992,0
2023-10-10,0.02709292806684971,0.02709292806684971,0.0273455660790205,0.027070926502346992,0.02709292806684971,0
2023-10-11,0.027350053191184998,0.027350053191184998,0.027540622279047966,0.02735753543674946,0.027350053191184998,0
2023-10-12,0.02745744213461876,0.02745744213461876,0.027728483080863953,0.02745744213461876,0.02745744213461876,0
2023-10-13,0.02747328393161297,0.02747328393161297,0.02766864188015461,0.027364274486899376,0.02747328393161297,0
2023-10-16,0.027635758742690086,0.027635758742690086,0.027652574703097343,0.02748158760368824,0.027635758742690086,0
2023-10-17,0.027552764862775803,0.027552764862775803,0.027593057602643967,0.027416789904236794,0.027552764862775803,0
2023-10-18,0.027502749115228653,0.027502749115228653,0.027606770396232605,0.027458196505904198,0.027502749115228653,0
2023-10-19,0.027526220306754112,0.027526220306754112,0.0275300070643425,0.027395760640501976,0.027526220306754112,0
2023-10-20,0.027507290244102478,0.027507290244102478,0.027511073276400566,0.02735229581594467,0.027507290244102478,0
2023-10-23,0.027374761179089546,0.027374761179089546,0.027533039450645447,0.027304498478770256,0.027374761179089546,0
2023-10-24,0.027556559070944786,0.027556559070944786,0.02771618403494358,0.027547450736165047,0.027556559070944786,0
2023-10-25,0.027654867619276047,0.027654867619276047,0.027734635397791862,0.027615154162049294,0.027654867619276047,0
2023-10-26,0.027609053999185562,0.027609053999185562,0.027619730681180954,0.027484608814120293,0.027609053999185562,0
2023-10-27,0.027609053999185562,0.027609053999185562,0.027664048597216606,0.027570994570851326,0.027609053999185562,0
2023-10-30,0.027702366933226585,0.027702366933226585,0.02790178544819355,0.027654867619276047,0.027702366933226585,0
2023-10-31,0.027847396209836006,0.027847396209836006,0.027897892519831657,0.027677828446030617,0.027847396209836006,0
2023-11-01,0.02770083211362362,0.02770083211362362,0.027706203982234,0.027525460347533226,0.02770083211362362,0
2023-11-02,0.02776774950325489,0.02776774950325489,0.02791113220155239,0.02774694748222828,0.02776774950325489,0
2023-11-03,0.027809450402855873,0.027809450402855873,0.028204765170812607,0.027766209095716476,0.027809450402855873,0
2023-11-06,0.028154736384749413,0.028154736384749413,0.02827254869043827,0.028115948662161827,0.028154736384749413,0
2023-11-07,0.02817695029079914,0.02817695029079914,0.02822466753423214,0.028050489723682404,0.02817695029079914,0
2023-11-08,0.028171394020318985,0.028171394020318985,0.02821829728782177,0.028074117377400398,0.028171394020318985,0
2023-11-09,0.028145229443907738,0.028145229443907738,0.028256570920348167,0.028074117377400398,0.028145229443907738,0
2023-11-10,0.027960296720266342,0.027960296720266342,0.027987685054540634,0.02775464951992035,0.027960296720266342,0
2023-11-13,0.027717722579836845,0.027717722579836845,0.027847396209836006,0.02766251564025879,0.027717722579836845,0
2023-11-14,0.027785494923591614,0.027785494923591614,0.028129395097494125,0.02768089435994625,0.027785494923591614,0
2023-11-15,0.028171394020318985,0.028171394020318985,0.02823343500494957,0.028041839599609375,0.028171394020318985,0
2023-11-16,0.028168221935629845,0.028168221935629845,0.02847299538552761,0.02800571173429489,0.028168221935629845,0
2023-11-17,0.02841312624514103,0.02841312624514103,0.02857959270477295,0.028352707624435425,0.02841312624514103,0
2023-11-20,0.028485970571637154,0.028485970571637154,0.02856326848268509,0.028351904824376106,0.028485970571637154,0
2023-11-21,0.028447074815630913,0.028447074815630913,0.02856326848268509,0.028387315571308136,0.028447074815630913,0
2023-11-22,0.028475426137447357,0.028475426137447357,0.02850220911204815,0.028328612446784973,0.028475426137447357,0
2023-11-23,0.028378456830978394,0.028378456830978394,0.028417164459824562,0.028328612446784973,0.028378456830978394,0
2023-11-24,0.028349494561553,0.028349494561553,0.028352707624435425,0.028161082416772842,0.028349494561553,0
2023-11-27,0.028270147740840912,0.028270147740840912,0.028538811951875687,0.028254974633455276,0.028270147740840912,0
2023-11-28,0.028576327487826347,0.028576327487826347,0.028818443417549133,0.028555110096931458,0.028576327487826347,0
2023-11-29,0.0288517028093338,0.0288517028093338,0.028935184702277184,0.028645087033510208,0.0288517028093338,0
2023-11-30,0.028733981773257256,0.028733981773257256,0.02874719724059105,0.028270946815609932,0.028733981773257256,0
2023-12-01,0.028363162651658058,0.028363162651658058,0.02865411713719368,0.028307761996984482,0.028363162651658058,0
2023-12-04,0.028791062533855438,0.028791062533855438,0.028843382373452187,0.028351904824376106,0.028791062533855438,0
2023-12-05,0.02839699015021324,0.02839699015021324,0.02849571220576763,0.028304556384682655,0.02839699015021324,0
2023-12-06,0.02837684378027916,0.02837684378027916,0.028564084321260452,0.028360750526189804,0.02837684378027916,0
2023-12-07,0.028411513194441795,0.028411513194441795,0.02849571220576763,0.028255771845579147,0.028411513194441795,0
2023-12-08,0.02848191373050213,0.02848191373050213,0.028542885556817055,0.028153153136372566,0.02848191373050213,0
2023-12-11,0.028199197724461555,0.028199197724461555,0.028248585760593414,0.027948575094342232,0.028199197724461555,0
2023-12-12,0.02802690491080284,0.02802690491080284,0.02818807028234005,0.027961859479546547,0.02802690491080284,0
2023-12-13,0.028050489723682404,0.028050489723682404,0.02809620276093483,0.027910353615880013,0.028050489723682404,0
2023-12-14,0.02850058302283287,0.02850058302283287,0.028760425746440887,0.028398601338267326,0.02850058302283287,0
2023-12-15,0.028669724240899086,0.028669724240899086,0.028781119734048843,0.028586948290467262,0.028669724240899086,0
2023-12-18,0.02861066721379757,0.02861066721379757,0.028661508113145828,0.028546961024403572,0.02861066721379757,0
2023-12-19,0.028620492666959763,0.028620492666959763,0.02876952849328518,0.02855837345123291,0.028620492666959763,0
2023-12-20,0.028710879385471344,0.028710879385471344,0.028712531551718712,0.028598394244909286,0.028710879385471344,0
2023-12-21,0.028609847649931908,0.028609847649931908,0.028776979073882103,0.02857142873108387,0.028609847649931908,0
2023-12-22,0.028830906376242638,0.028830906376242638,0.02903684787452221,0.028776979073882103,0.028830906376242638,0
2023-12-25,0.029074838384985924,0.029074838384985924,0.02916557341814041,0.028857531026005745,0.029074838384985924,0
2023-12-26,0.02897878736257553,0.02897878736257553,0.028977109119296074,0.028843382373452187,0.02897878736257553,0
2023-12-27,0.02900989167392254,0.02900989167392254,0.02918856032192707,0.028918448835611343,0.02900989167392254,0
2023-12-28,0.029244041070342064,0.029244041070342064,0.02934100106358528,0.029163019731640816,0.029244041070342064,0
2023-12-29,0.029163019731640816,0.029163019731640816,0.02929973602294922,0.029038533568382263,0.029163019731640816,0
2024-01-01,0.02905287779867649,0.02905287779867649,0.029103608801960945,0.02905287779867649,0.02905287779867649,0
2024-01-02,0.029132435098290443,0.029132435098290443,0.029325515031814575,0.02909514121711254,0.029132435098290443,0
2024-01-03,0.029231220483779907,0.029231220483779907,0.029256019741296768,0.028951939195394516,0.029231220483779907,0
2024-01-04,0.029036005958914757,0.029036005958914757,0.029068076983094215,0.028893383219838142,0.029036005958914757,0
2024-01-05,0.02899475395679474,0.02899475395679474,0.02903684787452221,0.028642628341913223,0.02899475395679474,0
2024-01-08,0.02887086011469364,0.02887086011469364,0.02892681583762169,0.02850058302283287,0.02887086011469364,0
2024-01-09,0.028620492666959763,0.028620492666959763,0.028742238879203796,0.028573060408234596,0.028620492666959763,0
2024-01-10,0.028641805052757263,0.028641805052757263,0.02865493856370449,0.028409089893102646,0.028641805052757263,0
2024-01-11,0.02856081910431385,0.02856081910431385,0.028642628341913223,0.028392957523465157,0.02856081910431385,0
2024-01-12,0.028582045808434486,0.028582045808434486,0.028697697445750237,0.028468940407037735,0.028582045808434486,0
2024-01-15,0.02861476130783558,0.02861476130783558,0.028645087033510208,0.02856326848268509,0.02861476130783558,0
2024-01-16,0.028604120016098022,0.028604120016098022,0.028604120016098022,0.028240609914064407,0.028604120016098022,0
2024-01-17,0.0282597616314888,0.0282597616314888,0.028256570920348167,0.028022192418575287,0.0282597616314888,0
2024-01-18,0.028109626844525337,0.028109626844525337,0.028223074972629547,0.028033191338181496,0.028109626844525337,0
2024-01-19,0.028145229443907738,0.028145229443907738,0.028237419202923775,0.028081998229026794,0.028145229443907738,0
2024-01-22,0.028145229443907738,0.028145229443907738,0.02822466753423214,0.02802690491080284,0.028145229443907738,0
2024-01-23,0.02810646779835224,0.02810646779835224,0.028171394020318985,0.0279720276594162,0.02810646779835224,0
2024-01-24,0.02805599942803383,0.02805599942803383,0.028129395097494125,0.027871455997228622,0.02805599942803383,0
2024-01-25,0.028003361076116562,0.028003361076116562,0.028058361262083054,0.027936864644289017,0.028003361076116562,0
2024-01-26,0.027987685054540634,0.027987685054540634,0.02816583961248398,0.02796107903122902,0.027987685054540634,0
2024-01-29,0.028087520971894264,0.028087520971894264,0.028223872184753418,0.02804262563586235,0.028087520971894264,0
2024-01-30,0.02822466753423214,0.02822466753423214,0.028363965451717377,0.028223872184753418,0.02822466753423214,0
2024-01-31,0.028287742286920547,0.028287742286920547,0.0283832885324955,0.02815156802535057,0.028287742286920547,0
2024-02-01,0.02813018672168255,0.02813018672168255,0.02834547497332096,0.028113579377532005,0.02813018672168255,0
2024-02-02,0.02833021618425846,0.02833021618425846,0.028490029275417328,0.028113579377532005,0.02833021618425846,0
2024-02-05,0.028109626844525337,0.028109626844525337,0.028107257559895515,0.027886223047971725,0.028109626844525337,0
2024-02-06,0.027964206412434578,0.027964206412434578,0.028170600533485413,0.02792515978217125,0.027964206412434578,0
2024-02-07,0.028129395097494125,0.028129395097494125,0.028214314952492714,0.028055211529135704,0.028129395097494125,0
2024-02-08,0.028183305636048317,0.028183305636048317,0.028129395097494125,0.027839645743370056,0.028183305636048317,0
2024-02-09,0.027909571304917336,0.027909571304917336,0.027950137853622437,0.02779785543680191,0.027909571304917336,0
2024-02-12,0.027876894921064377,0.027876894921064377,0.027922822162508965,0.02781641110777855,0.027876894921064377,0
2024-02-13,0.027877673506736755,0.027877673506736755,0.02806781232357025,0.02772771567106247,0.027877673506736755,0
2024-02-14,0.027730019763112068,0.027730019763112068,0.02774771675467491,0.027624309062957764,0.027730019763112068,0
2024-02-15,0.027735404670238495,0.027735404670238495,0.027770835906267166,0.02763652615249157,0.027735404670238495,0
2024-02-16,0.02774694748222828,0.02774694748222828,0.02779012732207775,0.027660222724080086,0.02774694748222828,0
2024-02-19,0.02782028168439865,0.02782028168439865,0.02787301130592823,0.027723871171474457,0.02782028168439865,0
2024-02-20,0.027685493230819702,0.027685493230819702,0.027852050960063934,0.027637289837002754,0.027685493230819702,0
2024-02-21,0.027793219313025475,0.027793219313025475,0.027940765023231506,0.027723871171474457,0.027793219313025475,0
2024-02-22,0.02790100686252117,0.02790100686252117,0.0279955193400383,0.027800943702459335,0.02790100686252117,0
2024-02-23,0.027831895276904106,0.027831895276904106,0.027869902551174164,0.027685493230819702,0.027831895276904106,0
2024-02-26,0.027826473116874695,0.027826473116874695,0.027932962402701378,0.027770064771175385,0.027826473116874695,0
2024-02-27,0.027831120416522026,0.027831120416522026,0.027964206412434578,0.027808677405118942,0.027831120416522026,0
2024-02-28,0.027870679274201393,0.027870679274201393,0.027932962402701378,0.027720795944333076,0.027870679274201393,0
2024-02-29,0.027813317254185677,0.027813317254185677,0.027964988723397255,0.027757730334997177,0.027813317254185677,0
2024-03-01,0.027909571304917336,0.027909571304917336,0.027929838746786118,0.027770064771175385,0.027909571304917336,0
2024-03-04,0.027935301885008812,0.027935301885008812,0.02800806798040867,0.02788933552801609,0.027935301885008812,0
2024-03-05,0.028010420501232147,0.028010420501232147,0.028002576902508736,0.027877673506736755,0.028010420501232147,0
2024-03-06,0.027950918301939964,0.027950918301939964,0.02811911329627037,0.027890890836715698,0.027950918301939964,0
2024-03-07,0.0281001478433609,0.0281001478433609,0.02819283865392208,0.028050489723682404,0.0281001478433609,0
2024-03-08,0.028175363317131996,0.028175363317131996,0.028338246047496796,0.028113579377532005,0.028175363317131996,0
2024-03-11,0.028250183910131454,0.028250183910131454,0.028288545086979866,0.02817695029079914,0.028250183910131454,0
2024-03-12,0.028256570920348167,0.028256570920348167,0.02826455608010292,0.027950137853622437,0.028256570920348167,0
2024-03-13,0.02798846922814846,0.02798846922814846,0.02810804732143879,0.0279720276594162,0.02798846922814846,0
2024-03-14,0.02807963453233242,0.02807963453233242,0.028124649077653885,0.027932962402701378,0.02807963453233242,0
2024-03-15,0.027964206412434578,0.027964206412434578,0.027980638667941093,0.027847396209836006,0.027964206412434578,0
2024-03-18,0.027855152264237404,0.027855152264237404,0.027886223047971725,0.027785494923591614,0.027855152264237404,0
2024-03-19,0.027800943702459335,0.027800943702459335,0.027824152261018753,0.02770083211362362,0.027800943702459335,0
2024-03-20,0.027739251032471657,0.027739251032471657,0.027782408520579338,0.027624309062957764,0.027739251032471657,0
2024-03-21,0.027841968461871147,0.027841968461871147,0.027893222868442535,0.027525460347533226,0.027841968461871147,0
2024-03-22,0.027555041015148163,0.027555041015148163,0.027589252218604088,0.027410024777054787,0.027555041015148163,0
2024-03-25,0.02751864306628704,0.02751864306628704,0.027611343190073967,0.027427317574620247,0.02751864306628704,0
2024-03-26,0.027517886832356453,0.027517886832356453,0.027601435780525208,0.027464227750897408,0.027517886832356453,0
2024-03-27,0.027540622279047966,0.027540622279047966,0.027552764862775803,0.027402516454458237,0.027540622279047966,0
2024-03-28,0.02747252583503723,0.02747252583503723,0.02751031704246998,0.027374012395739555,0.02747252583503723,0
2024-03-29,0.027502749115228653,0.027502749115228653,0.0275725144892931,0.02737850695848465,0.027502749115228653,0
2024-04-01,0.027470262721180916,0.027470262721180916,0.02753455564379692,0.027300026267766953,0.027470262721180916,0
2024-04-02,0.02732987143099308,0.02732987143099308,0.02735304646193981,0.027255384251475334,0.02732987143099308,0
2024-04-03,0.027343323454260826,0.027343323454260826,0.0273582860827446,0.027203483507037163,0.027343323454260826,0
2024-04-04,0.027335846796631813,0.027335846796631813,0.027362026274204254,0.0272182896733284,0.027335846796631813,0
2024-04-05,0.027264298871159554,0.027264298871159554,0.027370264753699303,0.027148829773068428,0.027264298871159554,0
2024-04-08,0.027277687564492226,0.027277687564492226,0.02735229581594467,0.027187209576368332,0.027277687564492226,0
2024-04-09,0.027255384251475334,0.027255384251475334,0.027575556188821793,0.02722570113837719,0.027255384251475334,0
2024-04-10,0.027525460347533226,0.027525460347533226,0.027588488534092903,0.02726801671087742,0.027525460347533226,0
2024-04-11,0.027233855798840523,0.027233855798840523,0.02745065651834011,0.027196822687983513,0.027233855798840523,0
2024-04-12,0.027464227750897408,0.027464227750897408,0.027529248967766762,0.027307482436299324,0.027464227750897408,0
2024-04-15,0.027307482436299324,0.027307482436299324,0.027315687388181686,0.027159152552485466,0.027307482436299324,0
2024-04-16,0.027203483507037163,0.027203483507037163,0.027346312999725342,0.027127472683787346,0.027203483507037163,0
2024-04-17,0.02727322280406952,0.02727322280406952,0.027307482436299324,0.027107616886496544,0.02727322280406952,0
2024-04-18,0.027196083217859268,0.027196083217859268,0.027271736413240433,0.02715325355529785,0.027196083217859268,0
2024-04-19,0.027176866307854652,0.027176866307854652,0.027176128700375557,0.027100270614027977,0.027176866307854652,0
2024-04-22,0.027122322469949722,0.027122322469949722,0.027129679918289185,0.026961445808410645,0.02711496688425541,0
2024-04-23,0.02697744593024254,0.02697744593024254,0.02713041566312313,0.026963625103235245,0.02697744593024254,0
2024-04-24,0.027109820395708084,0.027109820395708084,0.027152515947818756,0.026961445808410645,0.027109820395708084,0
2024-04-25,0.02699711173772812,0.02699711173772812,0.027054080739617348,0.026903418824076653,0.02699711173772812,0
2024-04-26,0.02702191472053528,0.02702191472053528,0.027117174118757248,0.026983268558979034,0.02702191472053528,0
2024-04-29,0.027040183544158936,0.027040183544158936,0.027052616700530052,0.026968715712428093,0.027040183544158936,0
2024-04-30,0.027027757838368416,0.027027757838368416,0.027027027681469917,0.026910657063126564,0.027027757838368416,0
2024-05-01,0.026899075135588646,0.026899075135588646,0.026994924992322922,0.026838432997465134,0.026899075135588646,0
2024-05-02,0.0270533487200737,0.0270533487200737,0.027148829773068428,0.026990553364157677,0.0270533487200737,0
2024-05-03,0.02717391401529312,0.02717391401529312,0.0274514090269804,0.027147356420755386,0.02717391401529312,0
2024-05-06,0.02723311446607113,0.02723311446607113,0.02729332074522972,0.027187209576368332,0.027203483507037163,0
2024-05-07,0.027210883796215057,0.027210883796215057,0.027248697355389595,0.027100270614027977,0.027210883796215057,0
2024-05-08,0.027070926502346992,0.027070926502346992,0.027115700766444206,0.027013884857296944,0.027070926502346992,0
2024-05-09,0.027087058871984482,0.027087058871984482,0.027224959805607796,0.027041643857955933,0.027087058871984482,0
2024-05-10,0.0272479560226202,0.0272479560226202,0.027277687564492226,0.027159152552485466,0.0272479560226202,0
2024-05-13,0.027181299403309822,0.027181299403309822,0.027277687564492226,0.02715177647769451,0.027181299403309822,0
2024-05-14,0.0271916463971138,0.0271916463971138,0.027369515970349312,0.02715841494500637,0.0271916463971138,0
2024-05-15,0.027354542165994644,0.027354542165994644,0.02751031704246998,0.027337340638041496,0.027354542165994644,0
2024-05-16,0.027578599750995636,0.027578599750995636,0.02775542065501213,0.027563396841287613,0.027578599750995636,0
2024-05-17,0.02763194404542446,0.02763194404542446,0.027763893827795982,0.027541382238268852,0.02763194404542446,0
2024-05-20,0.027685493230819702,0.027685493230819702,0.027909571304917336,0.027609053999185562,0.027685493230819702,0
2024-05-21,0.027681661769747734,0.027681661769747734,0.027685493230819702,0.027501238510012627,0.027681661769747734,0
2024-05-22,0.027507290244102478,0.027507290244102478,0.02753986418247223,0.027419796213507652,0.027507290244102478,0
2024-05-23,0.027404766529798508,0.027404766529798508,0.0274514090269804,0.027300026267766953,0.027404766529798508,0
2024-05-24,0.027298536151647568,0.027298536151647568,0.027317926287651062,0.027210883796215057,0.027298536151647568,0
2024-05-27,0.027292577549815178,0.027292577549815178,0.027370264753699303,0.027273965999484062,0.027292577549815178,0
2024-05-28,0.02735978178679943,0.02735978178679943,0.027390507981181145,0.027292577549815178,0.02735978178679943,0
2024-05-29,0.027342572808265686,0.027342572808265686,0.02734033204615116,0.02716653048992157,0.027342572808265686,0
2024-05-30,0.02718869037926197,0.02718869037926197,0.027294065803289413,0.02705627679824829,0.02718869037926197,0
2024-05-31,0.027262071147561073,0.027262071147561073,0.027292577549815178,0.02715177647769451,0.027262071147561073,0
2024-06-03,0.027210883796215057,0.027210883796215057,0.027315687388181686,0.02709292806684971,0.027210883796215057,0
2024-06-04,0.027342572808265686,0.027342572808265686,0.027415284886956215,0.027285128831863403,0.027342572808265686,0
2024-06-05,0.027356786653399467,0.027356786653399467,0.027397260069847107,0.02723311446607113,0.027356786653399467,0
2024-06-06,0.02734481915831566,0.02734481915831566,0.027471017092466354,0.027337340638041496,0.02734481915831566,0
2024-06-07,0.027476301416754723,0.027476301416754723,0.027533039450645447,0.02717391401529312,0.027476301416754723,0
2024-06-10,0.02709292806684971,0.02709292806684971,0.027264298871159554,0.027064330875873566,0.02709292806684971,0
2024-06-11,0.027240535244345665,0.027240535244345665,0.027285128831863403,0.027180559933185577,0.027240535244345665,0
2024-06-12,0.027242017909884453,0.027242017909884453,0.027484608814120293,0.027203483507037163,0.027242017909884453,0
2024-06-13,0.027307482436299324,0.027307482436299324,0.02738225646317005,0.027159152552485466,0.027307482436299324,0
2024-06-14,0.02721162512898445,0.02721162512898445,0.027300771325826645,0.02717391401529312,0.02721162512898445,0
2024-06-17,0.027262812480330467,0.027262812480330467,0.02730226330459118,0.027137042954564095,0.027262812480330467,0
2024-06-18,0.02716653048992157,0.02716653048992157,0.027285128831863403,0.027137042954564095,0.02716653048992157,0
2024-06-19,0.027291087433695793,0.027291087433695793,0.027355290949344635,0.02722570113837719,0.027291087433695793,0
2024-06-20,0.027272479608654976,0.027272479608654976,0.02730300836265087,0.02718869037926197,0.027272479608654976,0
2024-06-21,0.02723534218966961,0.02723534218966961,0.02731643244624138,0.027196083217859268,0.02723534218966961,0
2024-06-24,0.027203483507037163,0.027203483507037163,0.02732987143099308,0.02716800756752491,0.027203483507037163,0
2024-06-25,0.027323897927999496,0.027323897927999496,0.02736726775765419,0.02722570113837719,0.027323897927999496,0
2024-06-26,0.02722570113837719,0.02722570113837719,0.02724350057542324,0.027070926502346992,0.02722570113837719,0
2024-06-27,0.027076058089733124,0.027076058089733124,0.027246471494436264,0.027036527171730995,0.027076058089733124,0
2024-06-28,0.027159152552485466,0.027159152552485466,0.027301520109176636,0.027100270614027977,0.027159152552485466,0
2024-07-01,0.027270250022411346,0.027270250022411346,0.027292577549815178,0.027195343747735023,0.027270250022411346,0
2024-07-02,0.027236824855208397,0.027236824855208397,0.027238307520747185,0.027135567739605904,0.027236824855208397,0
2024-07-03,0.02716653048992157,0.02716653048992157,0.027364274486899376,0.027117909863591194,0.02716653048992157,0
2024-07-04,0.02729630284011364,0.02729630284011364,0.02736801654100418,0.027277687564492226,0.02729630284011364,0
2024-07-05,0.027300026267766953,0.027300026267766953,0.027440112084150314,0.02730300836265087,0.027300026267766953,0
2024-07-08,0.027397260069847107,0.027397260069847107,0.02752470225095749,0.027404766529798508,0.027397260069847107,0
2024-07-09,0.027480076998472214,0.027480076998472214,0.02751864306628704,0.027419796213507652,0.027480076998472214,0
2024-07-10,0.027464982122182846,0.027464982122182846,0.027574796229600906,0.02743333764374256,0.027464982122182846,0
2024-07-11,0.027533039450645447,0.027533039450645447,0.028667259961366653,0.027525460347533226,0.027533039450645447,0
2024-07-12,0.02775542065501213,0.02775542065501213,0.028744716197252274,0.027586206793785095,0.02775542065501213,0
2024-07-15,0.02763957902789116,0.02763957902789116,0.02785980887711048,0.027593817561864853,0.02763957902789116,0
2024-07-16,0.027693159878253937,0.027693159878253937,0.02777700684964657,0.027586206793785095,0.027693159878253937,0
2024-07-17,0.0277963075786829,0.0277963075786829,0.02794623002409935,0.02776235342025757,0.0277963075786829,0
2024-07-18,0.027880780398845673,0.027880780398845673,0.027891667559742928,0.02774694748222828,0.027880780398845673,0
2024-07-19,0.02767017111182213,0.02767017111182213,0.027670936658978462,0.02751031704246998,0.02767017111182213,0
2024-07-22,0.027563396841287613,0.027563396841287613,0.02760600857436657,0.02750048227608204,0.027563396841287613,0
2024-07-23,0.027548210695385933,0.027548210695385933,0.02768089435994625,0.02753455564379692,0.027548210695385933,0
2024-07-24,0.02767017111182213,0.02767017111182213,0.027852050960063934,0.02763957902789116,0.02767017111182213,0
2024-07-25,0.027702366933226585,0.027702366933226585,0.02775464951992035,0.02759229578077793,0.027702366933226585,0
2024-07-26,0.027616681531071663,0.027616681531071663,0.027891667559742928,0.027578599750995636,0.027616681531071663,0
2024-07-29,0.027800943702459335,0.027800943702459335,0.027917364612221718,0.02776235342025757,0.027800943702459335,0
2024-07-30,0.027831895276904106,0.027831895276904106,0.027858257293701172,0.027731558308005333,0.027831895276904106,0
2024-07-31,0.027903342619538307,0.027903342619538307,0.02818489260971546,0.027855930849909782,0.027903342619538307,0
2024-08-01,0.028169013559818268,0.028169013559818268,0.0282326377928257,0.028074903413653374,0.028169013559818268,0
2024-08-02,0.028111206367611885,0.028111206367611885,0.028507085517048836,0.028081998229026794,0.028111206367611885,0
2024-08-05,0.028344672173261642,0.028344672173261642,0.028547775000333786,0.028240609914064407,0.028320588171482086,0
2024-08-06,0.028169013559818268,0.028169013559818268,0.028288545086979866,0.02809778042137623,0.028169013559818268,0
2024-08-07,0.028254173696041107,0.028254173696041107,0.028246991336345673,0.028003361076116562,0.028254173696041107,0
2024-08-08,0.02810567617416382,0.02810567617416382,0.028411513194441795,0.028095412999391556,0.02810567617416382,0
2024-08-09,0.028360750526189804,0.028360750526189804,0.02845112234354019,0.028328612446784973,0.028360750526189804,0
2024-08-12,0.028392957523465157,0.028392957523465157,0.028460027649998665,0.028344672173261642,0.028392957523465157,0
2024-08-13,0.028545329347252846,0.028545329347252846,0.028622129932045937,0.02843332476913929,0.028545329347252846,0
2024-08-14,0.028641805052757263,0.028641805052757263,0.02873067930340767,0.028530670329928398,0.028641805052757263,0
2024-08-15,0.02851683832705021,0.02851683832705021,0.02867876924574375,0.02842201106250286,0.02851683832705021,0
2024-08-16,0.02853555604815483,0.02853555604815483,0.028830906376242638,0.02843979373574257,0.02853555604815483,0
2024-08-19,0.028918448835611343,0.028918448835611343,0.029105301946401596,0.028876695781946182,0.028918448835611343,0
2024-08-20,0.02913837879896164,0.02913837879896164,0.029348749667406082,0.029078220948576927,0.02913837879896164,0
2024-08-21,0.02929973602294922,0.02929973602294922,0.02938324399292469,0.029120558872818947,0.02929973602294922,0
2024-08-22,0.029163019731640816,0.029163019731640816,0.029228655621409416,0.02890424057841301,0.029163019731640816,0
2024-08-23,0.028993910178542137,0.028993910178542137,0.02949678525328636,0.02896871417760849,0.028993910178542137,0
2024-08-26,0.02945508062839508,0.02945508062839508,0.029533371329307556,0.029377201572060585,0.02945508062839508,0
2024-08-27,0.02943773753941059,0.02943773753941059,0.02943773753941059,0.029308324679732323,0.02943773753941059,0
2024-08-28,0.02948634698987007,0.02948634698987007,0.02949678525328636,0.029316915199160576,0.02948634698987007,0
2024-08-29,0.029374614357948303,0.029374614357948303,0.029526395723223686,0.029359951615333557,0.029374614357948303,0
2024-08-30,0.0295072291046381,0.0295072291046381,0.029797377064824104,0.029375476762652397,0.0295072291046381,0
2024-09-02,0.029481133446097374,0.029481133446097374,0.029381519183516502,0.02921072579920292,0.029359951615333557,0
2024-09-03,0.02926543913781643,0.02926543913781643,0.029635775834321976,0.02913752943277359,0.02926543913781643,0
2024-09-04,0.029191114008426666,0.029191114008426666,0.02950635924935341,0.02915962040424347,0.029191114008426666,0
2024-09-05,0.029457684606313705,0.029457684606313705,0.030330602079629898,0.029399659484624863,0.029457684606313705,0
2024-09-06,0.029778743162751198,0.029778743162751198,0.030086951330304146,0.02972651645541191,0.029778743162751198,0
2024-09-09,0.029679754748940468,0.029679754748940468,0.02974420040845871,0.029429076239466667,0.029679754748940468,0
2024-09-10,0.029525525867938995,0.029525525867938995,0.029718566685914993,0.02947157435119152,0.029525525867938995,0
2024-09-11,0.029736237600445747,0.029736237600445747,0.030324164777994156,0.02954733371734619,0.029736237600445747,0
2024-09-12,0.029594553634524345,0.029594553634524345,0.030159542337059975,0.029580548405647278,0.029594553634524345,0
2024-09-13,0.029954470694065094,0.029954470694065094,0.030410850420594215,0.029949087649583817,0.029954470694065094,0
2024-09-16,0.03009963035583496,0.03009963035583496,0.030251694843173027,0.030030030757188797,0.03009963035583496,0
2024-09-17,0.030075188726186752,0.030075188726186752,0.030107785016298294,0.029967037960886955,0.030075188726186752,0
2024-09-18,0.02996254712343216,0.02996254712343216,0.030136821791529655,0.02993115782737732,0.02996254712343216,0
2024-09-19,0.02996434085071087,0.02996434085071087,0.030903302133083344,0.029837386682629585,0.02996434085071087,0
2024-09-20,0.030202355235815048,0.030202355235815048,0.03037574701011181,0.030165910720825195,0.030202355235815048,0
2024-09-23,0.030339807271957397,0.030339807271957397,0.0313214510679245,0.03029385209083557,0.030339807271957397,0
2024-09-24,0.030376672744750977,0.030376672744750977,0.030746527016162872,0.030306706205010414,0.030376672744750977,0
2024-09-25,0.030709700658917427,0.030709700658917427,0.030809994786977768,0.03055300936102867,0.030709700658917427,0
2024-09-26,0.03051571547985077,0.03051571547985077,0.03134501352906227,0.030506407842040062,0.03051571547985077,0
2024-09-27,0.030896618962287903,0.030896618962287903,0.03152485564351082,0.03077775239944458,0.030896618962287903,0
2024-09-30,0.030911901965737343,0.030911901965737343,0.031126467511057854,0.03089280240237713,0.030911901965737343,0
