Date,Price,Open,High,Low,Vol.,Change %
2024-09-30,22.67,22.7,22.84,22.1,18.86K,-0.53%
2024-09-27,22.79,23.22,23.22,22.51,32.86K,-2.23%
2024-09-26,23.31,23.58,23.71,23.23,23.47K,-0.47%
2024-09-25,23.42,22.99,23.57,22.9,32.17K,1.30%
2024-09-24,23.12,22.5,23.3,22.38,38.33K,2.53%
2024-09-23,22.55,22.41,23.17,22.28,35.55K,-0.49%
2024-09-20,22.66,21.95,23.13,21.95,72.39K,3.33%
2024-09-19,21.93,21.0,22.08,20.97,60.88K,3.64%
2024-09-18,21.16,19.92,21.4,19.84,71.75K,5.91%
2024-09-17,19.98,19.18,20.15,19.06,88.67K,4.17%
2024-09-16,19.18,18.99,19.43,18.84,81.28K,0.89%
2024-09-13,19.01,19.05,19.42,18.92,95.00K,-0.31%
2024-09-12,19.07,18.7,19.24,18.69,110.33K,1.82%
2024-09-11,18.73,18.5,18.98,18.44,97.77K,1.41%
2024-09-10,18.47,18.83,18.87,18.43,99.29K,-1.91%
2024-09-09,18.83,18.92,19.04,18.6,101.74K,-0.42%
2024-09-06,18.91,19.29,19.61,18.84,63.02K,-1.61%
2024-09-05,19.22,19.25,19.57,19.15,48.51K,-0.10%
2024-09-04,19.24,19.4,19.54,19.07,58.56K,-1.28%
2024-09-03,19.49,19.12,19.77,19.02,70.97K,0.57%
2024-08-30,19.38,19.88,19.95,19.28,71.57K,-2.56%
2024-08-29,19.89,19.56,19.98,19.45,80.33K,1.79%
2024-08-28,19.54,19.61,19.66,19.12,87.73K,-0.31%
2024-08-27,19.6,19.18,19.68,18.52,97.20K,2.94%
2024-08-26,19.04,18.5,19.17,18.5,90.64K,3.53%
2024-08-23,18.39,17.91,18.43,17.89,56.10K,3.03%
2024-08-22,17.85,17.68,18.06,17.64,37.78K,1.13%
2024-08-21,17.65,17.6,17.74,17.52,38.19K,0.46%
2024-08-20,17.57,18.09,18.12,17.52,59.89K,-2.50%
2024-08-19,18.02,18.0,18.13,17.92,31.10K,-0.06%
2024-08-16,18.03,17.85,18.37,17.84,37.17K,0.84%
2024-08-15,17.88,17.98,18.09,17.81,36.46K,-0.50%
2024-08-14,17.97,18.36,18.44,17.91,42.17K,-2.28%
2024-08-13,18.39,18.35,18.7,18.3,36.50K,0.55%
2024-08-12,18.29,18.52,18.73,18.23,34.13K,-1.03%
2024-08-09,18.48,18.5,18.88,18.31,42.03K,-0.48%
2024-08-08,18.57,18.08,18.85,17.95,69.03K,2.37%
2024-08-07,18.14,17.87,18.26,17.8,37.38K,1.51%
2024-08-06,17.87,18.1,18.13,17.77,44.37K,-1.16%
2024-08-05,18.08,18.05,18.35,17.64,57.57K,-0.11%
2024-08-02,18.1,18.53,18.67,18.0,57.77K,-2.16%
2024-08-01,18.5,19.0,19.22,18.39,54.60K,-2.32%
2024-07-31,18.94,19.18,19.32,18.75,52.29K,-0.94%
2024-07-30,19.12,19.06,19.14,18.81,39.58K,0.58%
2024-07-29,19.01,18.5,19.05,18.47,55.99K,3.20%
2024-07-26,18.42,18.7,18.74,18.32,41.57K,-1.29%
2024-07-25,18.66,18.0,18.7,17.92,71.67K,4.19%
2024-07-24,17.91,18.2,18.31,17.86,74.07K,-1.38%
2024-07-23,18.16,18.3,18.41,18.08,55.65K,-0.77%
2024-07-22,18.3,18.66,18.74,18.25,59.03K,-1.93%
2024-07-19,18.66,19.0,19.0,18.55,59.28K,-1.48%
2024-07-18,18.94,19.36,19.38,18.81,62.01K,-2.17%
2024-07-17,19.36,19.6,19.6,19.15,44.80K,-1.33%
2024-07-16,19.62,19.82,19.88,19.54,35.35K,-0.71%
2024-07-15,19.76,19.15,19.82,19.09,55.84K,2.92%
2024-07-12,19.2,19.45,19.53,19.18,46.49K,-1.18%
2024-07-11,19.43,19.79,19.9,19.39,62.65K,-1.92%
2024-07-10,19.81,19.69,20.12,19.52,53.14K,0.97%
2024-07-09,19.62,20.31,20.31,19.61,53.84K,-2.53%
2024-07-08,20.13,20.13,20.37,19.83,54.20K,-0.05%
2024-07-05,20.14,20.53,20.67,20.08,58.23K,-1.90%
2024-07-03,20.53,20.61,20.73,20.45,55.07K,-0.39%
2024-07-02,20.61,20.14,20.78,19.93,74.28K,1.88%
2024-07-01,20.23,20.25,20.41,20.06,55.38K,-0.39%
2024-06-28,20.31,20.12,20.33,19.9,9.41K,0.94%
2024-06-27,20.12,19.29,20.16,19.23,19.39K,4.57%
2024-06-26,19.24,19.1,19.31,18.91,28.35K,0.73%
2024-06-25,19.1,19.47,19.47,18.84,54.32K,-1.60%
2024-06-24,19.41,18.92,19.44,18.82,76.21K,2.32%
2024-06-21,18.97,18.92,19.06,18.81,62.11K,0.42%
2024-06-20,18.89,19.1,19.43,18.82,71.04K,-0.16%
2024-06-18,18.92,18.93,19.19,18.81,52.59K,-0.32%
2024-06-17,18.98,19.32,19.32,18.81,87.48K,-2.32%
2024-06-14,19.43,19.49,19.6,19.27,61.21K,-0.82%
2024-06-13,19.59,19.05,19.64,19.05,106.31K,2.57%
2024-06-12,19.1,18.75,19.19,18.73,85.54K,1.65%
2024-06-11,18.79,18.7,18.95,18.59,69.51K,0.86%
2024-06-10,18.63,18.95,19.3,18.6,103.86K,-1.95%
2024-06-07,19.0,19.2,19.37,18.76,124.34K,-1.14%
2024-06-06,19.22,19.15,19.33,19.08,92.96K,0.47%
2024-06-05,19.13,18.87,19.17,18.73,114.11K,1.43%
2024-06-04,18.86,18.77,18.9,18.62,71.40K,0.43%
2024-06-03,18.78,18.3,18.85,18.21,62.89K,2.62%
2024-05-31,18.3,18.18,18.46,18.03,53.22K,0.60%
2024-05-30,18.19,18.32,18.37,18.15,48.84K,-0.87%
2024-05-29,18.35,18.7,18.73,18.22,55.11K,-2.03%
2024-05-28,18.73,18.67,18.8,18.53,62.00K,1.74%
2024-05-24,18.41,18.26,18.48,18.03,44.56K,0.82%
2024-05-23,18.26,18.23,18.57,18.23,49.69K,0.16%
2024-05-22,18.23,18.56,18.6,18.2,33.47K,-1.78%
2024-05-21,18.56,18.67,18.76,18.41,41.26K,-0.64%
2024-05-20,18.68,18.08,18.79,18.05,53.72K,3.03%
2024-05-17,18.13,18.35,18.45,18.06,34.75K,-1.09%
2024-05-16,18.33,18.65,18.65,17.95,67.33K,-1.72%
2024-05-15,18.65,18.9,18.96,18.5,51.12K,-1.17%
2024-05-14,18.87,18.6,18.95,18.31,60.78K,1.29%
2024-05-13,18.63,19.24,19.34,18.58,78.42K,-3.47%
2024-05-10,19.3,19.58,19.61,19.25,34.80K,-1.43%
2024-05-09,19.58,19.6,19.87,19.4,43.50K,-0.10%
2024-05-08,19.6,19.95,19.95,19.51,54.28K,-1.75%
2024-05-07,19.95,19.5,20.0,19.38,73.88K,2.41%
2024-05-06,19.48,19.3,19.52,19.15,32.34K,1.04%
2024-05-03,19.28,19.3,19.52,19.18,42.47K,0.16%
2024-05-02,19.25,19.35,19.49,19.1,45.44K,0.16%
2024-05-01,19.22,19.48,19.48,19.09,41.62K,-2.49%
2024-04-30,19.71,20.21,20.23,19.58,6.47K,-2.43%
2024-04-29,20.2,19.37,20.23,19.37,17.32K,4.12%
2024-04-26,19.4,19.44,20.0,19.35,51.40K,-0.41%
2024-04-25,19.48,19.9,19.92,19.25,42.50K,-2.60%
2024-04-24,20.0,19.91,20.04,19.77,35.12K,0.45%
2024-04-23,19.91,19.8,19.99,19.73,39.68K,0.56%
2024-04-22,19.8,19.88,20.15,19.71,30.47K,0.35%
2024-04-19,19.73,19.8,19.84,19.45,31.65K,0.71%
2024-04-18,19.59,19.5,19.77,19.25,25.42K,1.40%
2024-04-17,19.32,19.57,19.63,19.17,38.98K,-1.58%
2024-04-16,19.63,20.05,20.05,19.28,69.52K,-1.95%
2024-04-15,20.02,20.51,20.6,20.0,80.81K,-2.10%
2024-04-12,20.45,20.85,20.97,20.41,75.22K,-1.92%
2024-04-11,20.85,21.45,21.56,20.81,87.77K,-2.84%
2024-04-10,21.46,21.69,21.83,21.4,55.28K,-0.14%
2024-04-09,21.49,21.54,21.71,21.38,75.99K,-0.46%
2024-04-08,21.59,21.93,22.23,21.55,78.74K,-1.82%
2024-04-05,21.99,22.37,22.48,21.8,66.09K,-1.65%
2024-04-04,22.36,22.29,22.47,22.12,47.42K,0.63%
2024-04-03,22.22,22.32,22.63,22.04,58.65K,-0.45%
2024-04-02,22.32,22.65,22.91,22.27,62.39K,-1.76%
2024-04-01,22.72,22.65,22.91,22.53,62.95K,0.89%
2024-03-28,22.52,22.19,22.59,22.06,55.32K,1.49%
2024-03-27,22.19,22.34,22.39,21.76,48.56K,-0.89%
2024-03-26,22.39,21.94,22.48,21.93,72.31K,2.00%
2024-03-25,21.95,21.78,22.13,21.72,35.38K,0.46%
2024-03-22,21.85,21.97,22.23,21.75,37.11K,-0.95%
2024-03-21,22.06,21.89,22.18,21.82,43.31K,1.33%
2024-03-20,21.77,21.58,21.8,21.13,47.68K,0.60%
2024-03-19,21.64,22.15,22.22,21.48,49.47K,-2.35%
2024-03-18,22.16,22.2,22.35,21.94,43.16K,0.18%
2024-03-15,22.12,21.75,22.15,21.72,40.40K,1.61%
2024-03-14,21.77,22.0,22.23,21.66,53.21K,-0.73%
2024-03-13,21.93,22.0,22.18,21.36,56.04K,0.18%
2024-03-12,21.89,21.9,22.1,21.77,51.48K,-0.27%
2024-03-11,21.95,21.18,21.99,21.13,55.28K,3.78%
2024-03-08,21.15,21.29,21.4,21.01,36.02K,-0.61%
2024-03-07,21.28,21.47,21.48,20.86,46.36K,-0.79%
2024-03-06,21.45,20.87,21.68,20.72,58.05K,2.78%
2024-03-05,20.87,20.69,21.16,20.53,57.58K,1.31%
2024-03-04,20.6,21.13,21.43,20.55,59.50K,-2.32%
2024-03-01,21.09,21.83,21.88,20.96,80.09K,-6.60%
2024-02-29,22.58,23.85,23.99,22.5,5.30K,-5.96%
2024-02-28,24.01,23.8,24.16,23.67,17.20K,0.71%
2024-02-27,23.84,23.24,24.07,23.12,38.66K,2.98%
2024-02-26,23.15,22.67,23.45,22.45,38.07K,2.34%
2024-02-23,22.62,22.7,23.08,22.56,25.66K,-0.92%
2024-02-22,22.83,22.77,22.95,22.11,41.18K,0.26%
2024-02-21,22.77,22.78,22.93,22.47,26.87K,0.09%
2024-02-20,22.75,23.0,23.0,22.49,46.77K,-1.43%
2024-02-16,23.08,22.85,23.39,22.71,51.98K,1.14%
2024-02-15,22.82,23.37,23.38,22.75,106.66K,-2.35%
2024-02-14,23.37,23.3,23.57,22.79,56.99K,0.30%
2024-02-13,23.3,23.62,23.64,23.23,52.16K,-1.10%
2024-02-12,23.56,23.95,23.99,23.52,61.80K,-1.92%
2024-02-09,24.02,24.0,24.42,23.86,78.50K,0.17%
2024-02-08,23.98,23.87,24.05,23.55,76.78K,0.42%
2024-02-07,23.88,23.7,24.41,23.64,99.81K,1.36%
2024-02-06,23.56,23.52,23.92,23.02,89.58K,0.13%
2024-02-05,23.53,23.94,23.99,23.43,52.43K,-1.51%
2024-02-02,23.89,23.44,24.02,23.31,60.49K,1.40%
2024-02-01,23.56,24.13,24.24,23.45,46.64K,-2.36%
2024-01-31,24.13,23.93,24.18,23.77,52.65K,0.92%
2024-01-30,23.91,23.42,24.02,23.29,44.69K,1.61%
2024-01-29,23.53,23.77,24.3,23.42,50.70K,-1.01%
2024-01-26,23.77,24.0,24.33,23.64,51.84K,-1.12%
2024-01-25,24.04,24.48,24.62,23.92,64.76K,-1.72%
2024-01-24,24.46,23.7,24.54,23.45,78.95K,2.99%
2024-01-23,23.75,23.48,23.88,23.25,50.03K,1.06%
2024-01-22,23.5,23.56,23.74,23.42,44.23K,-0.30%
2024-01-19,23.57,23.1,23.75,23.04,73.23K,2.30%
2024-01-18,23.04,22.35,23.2,22.29,46.45K,3.09%
2024-01-17,22.35,22.55,22.69,22.21,57.99K,-0.75%
2024-01-16,22.52,21.85,22.64,21.85,80.69K,4.21%
2024-01-12,21.61,21.89,21.95,21.56,40.90K,-0.69%
2024-01-11,21.76,21.41,21.91,21.32,45.45K,1.63%
2024-01-10,21.41,21.58,21.94,21.36,49.35K,-1.34%
2024-01-09,21.7,21.8,21.96,21.54,49.41K,-0.18%
2024-01-08,21.74,21.11,21.79,21.11,49.43K,2.98%
2024-01-05,21.11,21.13,21.21,20.6,46.52K,0.14%
2024-01-04,21.08,20.98,21.25,20.86,37.42K,1.10%
2024-01-03,20.85,20.9,21.4,20.71,49.17K,-0.24%
2024-01-02,20.9,20.6,21.38,20.6,57.60K,1.55%
2023-12-29,20.58,21.76,21.88,20.33,75.27K,-5.42%
2023-12-28,21.76,20.51,21.91,20.46,57.14K,5.63%
2023-12-27,20.6,20.57,20.93,20.15,40.46K,0.34%
2023-12-26,20.53,20.6,20.77,20.03,25.15K,-0.44%
2023-12-22,20.62,20.38,21.08,20.23,49.11K,1.88%
2023-12-21,20.24,20.8,20.83,20.12,76.31K,-3.25%
2023-12-20,20.92,21.39,21.67,20.81,63.06K,-2.38%
2023-12-19,21.43,21.4,21.62,20.85,69.50K,0.56%
2023-12-18,21.31,21.98,21.99,21.25,60.93K,-3.09%
2023-12-15,21.99,22.3,22.59,21.75,64.32K,-0.86%
2023-12-14,22.18,21.97,22.31,21.16,91.83K,0.96%
2023-12-13,21.97,22.56,23.12,21.82,80.63K,-2.74%
2023-12-12,22.59,22.47,22.66,21.48,113.86K,0.53%
2023-12-11,22.47,23.44,23.49,22.17,92.34K,-3.81%
2023-12-08,23.36,23.1,23.6,23.1,88.28K,1.43%
2023-12-07,23.03,23.39,23.93,22.8,132.48K,0.13%
2023-12-06,23.0,24.92,24.92,22.94,177.20K,-7.85%
2023-12-05,24.96,25.9,25.9,24.81,107.29K,-3.29%
2023-12-04,25.81,25.06,25.98,24.58,122.66K,2.87%
2023-12-01,25.09,26.15,26.17,24.95,170.63K,-3.65%
2023-11-30,26.04,26.83,26.85,25.9,134.69K,-3.05%
2023-11-29,26.86,27.04,27.12,26.8,43.73K,-0.48%
2023-11-28,26.99,27.17,27.25,26.8,62.40K,-0.77%
2023-11-27,27.2,26.98,27.3,26.8,56.59K,0.82%
2023-11-24,26.98,27.28,27.38,26.81,74.88K,-0.88%
2023-11-22,27.22,27.77,27.77,27.16,52.66K,-1.91%
2023-11-21,27.75,27.64,27.78,27.48,41.57K,0.69%
2023-11-20,27.56,27.23,27.6,27.07,46.56K,1.40%
2023-11-17,27.18,27.15,27.32,27.0,43.65K,-0.04%
2023-11-16,27.19,27.1,27.42,27.01,44.64K,0.15%
2023-11-15,27.15,27.2,27.37,27.02,56.04K,-0.11%
2023-11-14,27.18,27.71,27.81,27.13,51.00K,-1.91%
2023-11-13,27.71,27.3,27.75,27.16,42.98K,1.54%
2023-11-10,27.29,27.75,27.87,27.2,53.88K,-1.76%
2023-11-09,27.78,27.25,27.92,27.2,47.43K,2.09%
2023-11-08,27.21,27.57,27.58,27.18,51.59K,-1.38%
2023-11-07,27.59,27.92,28.14,27.52,51.53K,-1.29%
2023-11-06,27.95,27.65,28.08,27.59,62.35K,0.65%
2023-11-03,27.77,27.56,27.83,27.33,41.66K,1.06%
2023-11-02,27.48,27.56,27.72,27.1,47.92K,-0.11%
2023-11-01,27.51,27.16,27.69,27.13,68.46K,1.55%
2023-10-31,27.09,26.83,27.15,26.69,46.93K,1.27%
2023-10-30,26.75,27.5,27.53,26.65,58.59K,-2.16%
2023-10-27,27.34,27.04,27.5,27.0,38.34K,1.11%
2023-10-26,27.04,27.67,27.79,27.0,48.25K,-2.14%
2023-10-25,27.63,27.6,28.0,27.28,59.26K,0.36%
2023-10-24,27.53,27.55,27.75,27.32,46.23K,0.18%
2023-10-23,27.48,26.85,27.58,26.49,63.72K,2.35%
2023-10-20,26.85,27.24,27.25,26.8,39.02K,-1.61%
2023-10-19,27.29,27.36,27.41,26.85,49.70K,-0.69%
2023-10-18,27.48,27.56,27.67,27.17,50.47K,-0.04%
2023-10-17,27.49,26.99,27.57,26.96,59.31K,1.63%
2023-10-16,27.05,27.09,27.1,26.8,37.08K,0.07%
2023-10-13,27.03,26.44,27.18,26.35,50.94K,2.58%
2023-10-12,26.35,26.4,26.75,26.25,52.58K,-0.19%
2023-10-11,26.4,27.05,27.18,26.3,53.30K,-2.40%
2023-10-10,27.05,27.17,27.24,26.78,52.75K,-0.48%
2023-10-09,27.18,26.86,27.28,26.68,56.09K,1.65%
2023-10-06,26.74,26.3,26.83,26.13,54.08K,2.22%
2023-10-05,26.16,25.93,26.41,25.77,45.11K,0.89%
2023-10-04,25.93,25.67,26.27,25.28,82.69K,1.01%
2023-10-03,25.67,26.33,26.44,25.59,78.87K,-2.58%
2023-10-02,26.35,26.54,26.79,26.25,50.26K,0.30%
2023-09-29,26.27,26.77,26.8,26.2,3.00K,-1.72%
2023-09-28,26.73,26.24,26.85,25.95,19.29K,2.30%
2023-09-27,26.13,26.14,26.41,25.96,41.17K,0.42%
2023-09-26,26.02,26.25,26.5,25.97,42.57K,-1.10%
2023-09-25,26.31,27.0,27.02,26.23,47.19K,-2.45%
2023-09-22,26.97,26.9,27.27,26.71,46.17K,0.15%
2023-09-21,26.93,26.78,26.99,26.56,49.01K,0.52%
2023-09-20,26.79,27.28,27.32,26.66,45.12K,-2.37%
2023-09-19,27.44,27.1,27.62,27.02,36.01K,1.22%
2023-09-18,27.11,26.83,27.26,26.45,76.04K,0.74%
2023-09-15,26.91,26.93,27.59,26.76,115.60K,-0.26%
2023-09-14,26.98,26.7,27.14,26.61,77.13K,1.66%
2023-09-13,26.54,26.75,26.9,26.44,77.02K,-1.08%
2023-09-12,26.83,26.36,27.26,26.09,117.35K,1.63%
2023-09-11,26.4,26.34,26.49,25.96,105.05K,0.34%
2023-09-08,26.31,26.87,27.1,26.11,97.52K,-1.39%
2023-09-07,26.68,26.21,26.89,25.94,70.27K,1.75%
2023-09-06,26.22,26.56,26.9,25.99,72.50K,-1.61%
2023-09-05,26.65,25.82,26.94,25.66,108.19K,3.25%
2023-09-01,25.81,25.11,25.87,25.05,80.46K,2.99%
2023-08-31,25.06,25.31,25.63,25.02,62.12K,-1.10%
2023-08-30,25.34,25.39,25.9,25.23,75.24K,-0.43%
2023-08-29,25.45,25.53,25.68,25.22,68.78K,-0.47%
2023-08-28,25.57,24.9,25.64,24.78,75.56K,2.98%
2023-08-25,24.83,24.29,24.89,24.1,68.31K,2.22%
2023-08-24,24.29,23.99,24.37,23.64,74.32K,1.84%
2023-08-23,23.85,23.34,24.23,23.08,111.44K,1.92%
2023-08-22,23.4,23.48,23.71,23.31,54.25K,0.00%
2023-08-21,23.4,23.8,24.16,23.38,64.62K,-1.52%
2023-08-18,23.76,24.0,24.03,23.67,57.34K,-1.00%
2023-08-17,24.0,24.25,24.74,23.94,81.31K,-0.79%
2023-08-16,24.19,23.77,24.3,23.63,48.30K,1.77%
2023-08-15,23.77,24.03,24.28,23.7,49.61K,-1.16%
2023-08-14,24.05,24.3,24.41,23.93,36.15K,-1.15%
2023-08-11,24.33,23.99,24.42,23.72,44.29K,1.59%
2023-08-10,23.95,23.85,24.2,23.66,51.28K,1.01%
2023-08-09,23.71,23.65,23.8,23.47,37.32K,1.11%
2023-08-08,23.45,23.7,23.71,23.29,50.47K,-1.22%
2023-08-07,23.74,23.69,24.03,23.4,41.51K,0.21%
2023-08-04,23.69,24.07,24.11,23.57,34.42K,-1.37%
2023-08-03,24.02,24.21,24.42,23.71,50.79K,-0.74%
2023-08-02,24.2,24.39,24.61,24.09,36.85K,-0.78%
2023-08-01,24.39,24.11,24.57,23.99,49.56K,1.16%
2023-07-31,24.11,23.95,24.19,23.84,45.36K,0.79%
2023-07-28,23.92,24.4,24.43,23.87,43.77K,-2.09%
2023-07-27,24.43,24.42,24.58,24.02,43.47K,0.16%
2023-07-26,24.39,24.65,24.81,24.15,52.60K,-1.22%
2023-07-25,24.69,24.88,24.88,24.54,46.62K,-0.92%
2023-07-24,24.92,25.0,25.3,24.84,58.54K,-0.36%
2023-07-21,25.01,24.55,25.1,24.34,54.88K,1.38%
2023-07-20,24.67,24.3,24.7,24.16,53.03K,1.90%
2023-07-19,24.21,23.86,24.37,23.7,49.31K,1.47%
2023-07-18,23.86,23.71,24.06,23.59,37.33K,0.25%
2023-07-17,23.8,24.36,24.39,23.64,49.93K,-2.14%
2023-07-14,24.32,24.08,24.4,24.01,44.33K,1.29%
2023-07-13,24.01,23.91,24.25,23.76,46.16K,0.42%
2023-07-12,23.91,23.53,24.0,23.31,53.44K,1.61%
2023-07-11,23.53,23.47,23.71,23.16,46.70K,0.38%
2023-07-10,23.44,23.48,23.5,23.2,41.26K,-0.38%
2023-07-07,23.53,23.15,23.83,23.11,43.78K,1.20%
2023-07-06,23.25,23.5,23.58,23.2,49.49K,-1.19%
2023-07-05,23.53,23.4,23.72,23.06,62.18K,0.90%
2023-07-03,23.32,22.87,23.61,22.78,65.33K,1.88%
2023-06-30,22.89,22.3,22.96,22.28,2.25K,3.72%
2023-06-29,22.07,22.63,22.63,21.81,22.91K,-2.22%
2023-06-28,22.57,23.28,23.29,22.46,9.61K,-2.00%
2023-06-27,23.03,23.72,23.83,22.86,27.06K,-2.91%
2023-06-26,23.72,24.53,24.74,23.67,36.97K,-1.90%
2023-06-23,24.18,24.96,24.98,24.13,37.06K,-3.01%
2023-06-22,24.93,25.89,25.89,24.9,50.44K,-3.67%
2023-06-21,25.88,26.25,26.38,25.83,68.26K,-1.30%
2023-06-20,26.22,26.25,26.48,25.93,66.29K,-0.79%
2023-06-16,26.43,26.07,26.49,25.96,61.93K,1.65%
2023-06-15,26.0,25.84,26.41,25.6,119.78K,0.62%
2023-06-14,25.84,25.19,25.88,25.12,73.95K,2.70%
2023-06-13,25.16,25.46,25.63,25.03,105.50K,-1.22%
2023-06-12,25.47,25.38,26.0,25.22,105.28K,0.35%
2023-06-09,25.38,25.7,26.15,25.35,105.14K,-0.39%
2023-06-08,25.48,24.49,25.68,24.42,118.75K,4.00%
2023-06-07,24.5,24.68,24.89,24.38,75.79K,-0.33%
2023-06-06,24.58,24.44,24.75,24.23,109.05K,0.74%
2023-06-05,24.4,24.85,25.08,24.33,107.12K,-1.33%
2023-06-02,24.73,24.88,24.88,24.57,74.98K,-0.60%
2023-06-01,24.88,25.1,25.4,24.74,68.55K,-0.72%
2023-05-31,25.06,25.3,25.44,25.02,64.67K,-1.07%
2023-05-30,25.33,25.38,25.83,25.19,105.58K,-0.16%
2023-05-26,25.37,24.95,25.64,24.71,83.14K,2.17%
2023-05-25,24.83,25.4,25.45,24.61,125.92K,-2.59%
2023-05-24,25.49,25.77,25.93,25.46,66.65K,-1.24%
2023-05-23,25.81,25.99,26.22,25.77,60.57K,-0.69%
2023-05-22,25.99,25.75,26.05,25.58,46.97K,0.81%
2023-05-19,25.78,25.65,26.09,25.59,42.14K,0.66%
2023-05-18,25.61,25.88,25.97,25.46,58.92K,-1.16%
2023-05-17,25.91,26.14,26.15,25.8,40.73K,-0.61%
2023-05-16,26.07,26.26,26.63,26.01,50.89K,-0.84%
2023-05-15,26.29,26.3,26.43,25.83,48.37K,0.27%
2023-05-12,26.22,26.07,26.39,26.0,49.26K,0.77%
2023-05-11,26.02,26.62,26.74,25.99,81.28K,-2.40%
2023-05-10,26.66,26.17,26.74,26.01,60.78K,1.79%
2023-05-09,26.19,26.06,26.43,25.93,57.87K,0.38%
2023-05-08,26.09,26.42,26.48,26.01,43.64K,-0.87%
2023-05-05,26.32,25.6,26.45,25.59,62.58K,3.13%
2023-05-04,25.52,25.17,25.66,24.95,46.69K,1.39%
2023-05-03,25.17,25.08,25.44,24.88,63.97K,0.12%
2023-05-02,25.14,25.5,26.06,25.07,78.68K,-1.57%
2023-05-01,25.54,26.39,26.48,25.43,59.47K,-5.37%
2023-04-28,26.99,27.0,27.05,26.5,2.01K,0.00%
2023-04-27,26.99,26.41,27.41,26.27,11.90K,1.81%
2023-04-26,26.51,26.7,27.07,26.37,24.96K,-0.53%
2023-04-25,26.65,25.9,26.87,25.59,31.92K,2.86%
2023-04-24,25.91,24.77,25.99,24.6,46.34K,4.35%
2023-04-21,24.83,25.62,25.62,24.67,39.74K,-1.66%
2023-04-20,25.25,24.26,25.37,24.19,37.22K,3.61%
2023-04-19,24.37,24.46,24.9,24.3,34.14K,-0.69%
2023-04-18,24.54,24.44,24.69,24.1,48.83K,0.41%
2023-04-17,24.44,24.25,24.5,24.12,58.06K,1.41%
2023-04-14,24.1,23.92,24.27,23.75,53.48K,0.25%
2023-04-13,24.04,24.0,24.7,23.9,71.32K,-0.04%
2023-04-12,24.05,24.65,24.85,23.92,115.22K,-1.31%
2023-04-11,24.37,23.73,24.45,23.62,169.54K,3.44%
2023-04-10,23.56,23.56,23.82,23.44,112.76K,-0.21%
2023-04-06,23.61,23.01,23.68,22.71,140.11K,2.88%
2023-04-05,22.95,22.48,23.01,22.41,112.57K,2.14%
2023-04-04,22.47,22.25,22.6,22.22,71.13K,0.31%
2023-04-03,22.4,22.35,22.63,22.19,87.50K,0.67%
2023-03-31,22.25,21.99,22.36,21.78,77.06K,1.32%
2023-03-30,21.96,21.3,22.0,21.3,116.90K,3.34%
2023-03-29,21.25,21.38,21.42,21.05,102.71K,-0.28%
2023-03-28,21.31,20.99,21.45,20.96,52.75K,1.82%
2023-03-27,20.93,20.91,21.15,20.74,46.28K,0.53%
2023-03-24,20.82,20.97,20.99,20.65,54.54K,-0.34%
2023-03-23,20.89,21.15,21.34,20.81,55.23K,-1.18%
2023-03-22,21.14,20.85,21.38,20.78,55.32K,1.63%
2023-03-21,20.8,20.6,20.92,20.49,36.60K,1.56%
2023-03-20,20.48,20.5,20.69,20.42,38.68K,-0.92%
2023-03-17,20.67,20.79,20.94,20.53,39.08K,-0.43%
2023-03-16,20.76,20.61,20.85,20.35,62.71K,1.27%
2023-03-15,20.5,20.64,20.7,20.39,65.63K,-0.87%
2023-03-14,20.68,20.86,21.02,20.65,58.31K,-0.58%
2023-03-13,20.8,21.23,21.27,20.7,87.00K,-1.70%
2023-03-10,21.16,21.04,21.22,20.66,68.29K,0.05%
2023-03-09,21.15,20.82,21.33,20.71,65.37K,1.29%
2023-03-08,20.88,21.0,21.03,20.77,49.06K,-0.67%
2023-03-07,21.02,20.87,21.25,20.81,61.93K,0.72%
2023-03-06,20.87,20.93,20.96,20.63,52.86K,-0.24%
2023-03-03,20.92,20.35,21.04,20.32,80.26K,3.00%
2023-03-02,20.31,20.57,20.62,20.2,45.55K,-1.26%
2023-03-01,20.57,20.09,20.65,20.04,63.13K,-6.84%
2023-02-28,22.08,22.11,22.36,22.0,6.78K,-0.05%
2023-02-27,22.09,21.37,22.14,21.27,14.80K,3.81%
2023-02-24,21.28,21.7,21.78,21.23,32.04K,-1.39%
2023-02-23,21.58,21.34,21.7,21.28,45.15K,1.36%
2023-02-22,21.29,21.36,21.49,21.25,35.86K,-0.19%
2023-02-21,21.33,21.5,21.71,21.31,40.55K,-0.37%
2023-02-17,21.41,21.45,21.69,21.35,46.02K,-0.19%
2023-02-16,21.45,21.48,21.65,21.27,38.36K,0.33%
2023-02-15,21.38,21.48,21.5,21.25,75.66K,-0.88%
2023-02-14,21.57,21.27,21.6,21.18,46.95K,1.75%
2023-02-13,21.2,21.57,21.66,21.12,70.72K,-1.76%
2023-02-10,21.58,21.49,21.89,21.26,88.91K,0.61%
2023-02-09,21.45,21.29,21.73,21.24,106.02K,1.18%
2023-02-08,21.2,20.84,21.29,20.65,95.41K,1.73%
2023-02-07,20.84,20.78,21.05,20.5,107.76K,0.87%
2023-02-06,20.66,21.25,21.37,20.58,116.73K,-2.73%
2023-02-03,21.24,21.69,21.71,21.18,79.58K,-1.94%
2023-02-02,21.66,21.36,21.77,21.3,71.71K,1.36%
2023-02-01,21.37,21.8,21.86,21.33,87.08K,-1.79%
2023-01-31,21.76,21.25,21.82,21.17,102.05K,2.59%
2023-01-30,21.21,21.01,21.33,20.89,93.29K,1.19%
2023-01-27,20.96,20.76,21.03,20.55,72.78K,1.35%
2023-01-26,20.68,20.08,20.85,20.07,103.16K,2.83%
2023-01-25,20.11,19.93,20.15,19.73,62.16K,1.16%
2023-01-24,19.88,19.7,19.94,19.57,61.43K,0.91%
2023-01-23,19.7,19.63,19.92,19.6,50.53K,-0.10%
2023-01-20,19.72,19.76,19.82,19.5,44.66K,0.20%
2023-01-19,19.68,19.8,19.99,19.58,53.48K,-0.71%
2023-01-18,19.82,20.09,20.25,19.68,65.42K,-1.59%
2023-01-17,20.14,19.84,20.19,19.68,60.96K,2.08%
2023-01-13,19.73,19.63,19.81,19.46,43.14K,0.71%
2023-01-12,19.59,19.65,19.81,19.45,44.81K,-0.31%
2023-01-11,19.65,19.55,20.04,19.54,58.36K,0.05%
2023-01-10,19.64,19.17,19.83,19.13,80.77K,2.45%
2023-01-09,19.17,19.02,19.28,18.92,71.29K,1.11%
2023-01-06,18.96,19.38,19.38,18.94,86.20K,-1.96%
2023-01-05,19.34,19.6,19.63,19.32,63.58K,-1.02%
2023-01-04,19.54,19.7,19.71,19.51,56.12K,-0.81%
2023-01-03,19.7,20.0,20.02,19.64,66.15K,-1.70%
2022-12-30,20.04,20.4,20.43,20.01,27.36K,-1.23%
2022-12-29,20.29,20.23,20.44,20.13,26.93K,0.64%
2022-12-28,20.16,20.27,20.49,20.1,49.49K,-0.79%
2022-12-27,20.32,20.98,20.99,20.23,44.67K,-3.15%
2022-12-23,20.98,20.95,21.18,20.81,33.25K,0.43%
2022-12-22,20.89,20.75,21.03,20.6,52.23K,0.67%
2022-12-21,20.75,20.65,20.99,20.6,47.68K,0.83%
2022-12-20,20.58,20.15,20.7,20.14,74.73K,2.18%
2022-12-19,20.14,20.1,20.43,20.03,52.54K,0.25%
2022-12-16,20.09,19.88,20.29,19.8,53.26K,0.55%
2022-12-15,19.98,20.28,20.73,19.86,105.85K,-1.53%
2022-12-14,20.29,19.66,20.41,19.59,98.68K,2.68%
2022-12-13,19.76,19.47,19.83,19.31,63.32K,1.96%
2022-12-12,19.38,19.68,19.71,19.31,53.29K,-1.12%
2022-12-09,19.6,19.73,19.87,19.56,42.69K,-0.41%
2022-12-08,19.68,19.57,19.85,19.52,51.40K,1.03%
2022-12-07,19.48,19.45,19.54,19.27,45.28K,0.46%
2022-12-06,19.39,19.54,19.68,19.36,42.22K,-0.82%
2022-12-05,19.55,19.55,19.94,19.52,62.68K,0.36%
2022-12-02,19.48,19.66,19.68,19.35,44.75K,-0.71%
2022-12-01,19.62,19.7,19.73,19.41,49.73K,-0.05%
2022-11-30,19.63,19.52,19.94,19.49,55.09K,0.51%
2022-11-29,19.53,19.52,19.78,19.06,72.59K,0.77%
2022-11-28,19.38,19.25,19.45,19.05,65.32K,0.26%
2022-11-25,19.33,19.78,19.83,19.28,57.87K,-1.13%
2022-11-23,19.55,19.74,19.78,19.45,44.73K,-0.96%
2022-11-22,19.74,19.94,20.07,19.68,51.89K,-0.60%
2022-11-21,19.86,19.98,20.0,19.73,55.90K,-0.95%
2022-11-18,20.05,19.6,20.34,19.59,81.00K,1.62%
2022-11-17,19.73,20.11,20.2,19.68,82.26K,-2.66%
2022-11-16,20.27,20.3,20.48,20.22,81.10K,-0.10%
2022-11-15,20.29,19.86,20.33,19.74,90.63K,2.32%
2022-11-14,19.83,19.59,19.98,19.5,73.72K,0.97%
2022-11-11,19.64,19.45,19.85,19.44,86.89K,1.18%
2022-11-10,19.41,19.26,19.43,19.08,91.38K,0.15%
2022-11-09,19.38,18.95,19.43,18.85,100.83K,2.00%
2022-11-08,19.0,18.7,19.03,18.59,68.46K,1.71%
2022-11-07,18.68,18.5,18.8,18.41,68.94K,-0.16%
2022-11-04,18.71,18.5,18.82,18.48,76.56K,1.30%
2022-11-03,18.47,18.35,18.49,18.2,49.59K,0.00%
2022-11-02,18.47,18.45,18.49,18.15,71.01K,0.22%
2022-11-01,18.43,18.05,18.5,18.05,86.43K,2.56%
2022-10-31,17.97,17.7,18.0,17.67,89.05K,2.22%
2022-10-28,17.58,17.72,17.73,17.55,65.48K,-0.73%
2022-10-27,17.71,17.88,17.93,17.69,65.95K,-0.84%
2022-10-26,17.86,18.1,18.11,17.85,60.60K,-1.38%
2022-10-25,18.11,18.16,18.2,18.06,45.21K,-0.11%
2022-10-24,18.13,18.32,18.37,18.1,56.77K,-1.36%
2022-10-21,18.38,18.38,18.57,18.26,37.04K,-0.05%
2022-10-20,18.39,18.64,18.66,18.36,47.51K,-1.39%
2022-10-19,18.65,18.73,18.73,18.45,55.75K,-0.11%
2022-10-18,18.67,18.77,18.77,18.53,51.33K,-0.53%
2022-10-17,18.77,18.81,18.92,18.67,56.48K,-0.37%
2022-10-14,18.84,18.83,18.9,18.75,45.90K,0.16%
2022-10-13,18.81,18.69,18.83,18.41,54.39K,0.70%
2022-10-12,18.68,18.74,18.94,18.57,64.10K,-0.32%
2022-10-11,18.74,18.59,18.75,18.35,72.47K,0.70%
2022-10-10,18.61,18.68,18.78,18.53,58.99K,-0.37%
2022-10-07,18.68,18.31,18.73,18.31,73.04K,1.19%
2022-10-06,18.46,17.97,18.5,17.95,74.69K,2.84%
2022-10-05,17.95,17.95,18.1,17.89,57.44K,0.22%
2022-10-04,17.91,17.52,17.99,17.41,66.97K,2.81%
2022-10-03,17.42,17.79,17.83,17.36,59.81K,-5.43%
2022-09-30,18.42,18.5,18.6,18.26,4.93K,-0.11%
2022-09-29,18.44,18.27,18.48,18.22,17.73K,0.82%
2022-09-28,18.29,18.23,18.48,18.1,26.34K,0.55%
2022-09-27,18.19,18.42,18.67,18.15,20.67K,-0.87%
2022-09-26,18.35,18.26,18.75,18.15,27.46K,0.38%
2022-09-23,18.28,18.5,18.55,18.04,48.84K,-1.14%
2022-09-22,18.49,18.2,18.52,18.2,29.75K,1.48%
2022-09-21,18.22,18.25,18.35,18.08,22.18K,0.16%
2022-09-20,18.19,17.81,18.26,17.66,38.03K,2.83%
2022-09-19,17.69,17.89,17.91,17.5,30.29K,-1.06%
2022-09-16,17.88,18.18,18.21,17.87,64.25K,-1.65%
2022-09-15,18.18,18.36,18.38,18.16,78.11K,-0.49%
2022-09-14,18.27,18.4,18.55,18.24,82.76K,-0.60%
2022-09-13,18.38,18.4,18.59,18.22,101.39K,0.16%
2022-09-12,18.35,18.26,18.52,18.13,123.96K,0.71%
2022-09-09,18.22,18.01,18.26,17.93,157.68K,1.62%
2022-09-08,17.93,18.05,18.24,17.85,112.56K,-0.66%
2022-09-07,18.05,17.98,18.34,17.92,107.48K,0.39%
2022-09-06,17.98,18.24,18.28,17.93,84.97K,-0.94%
2022-09-02,18.15,18.06,18.32,18.03,68.89K,0.89%
2022-09-01,17.99,17.86,18.07,17.75,72.16K,0.56%
2022-08-31,17.89,18.21,18.25,17.85,56.35K,-1.16%
2022-08-30,18.1,18.44,18.52,18.06,43.97K,-1.84%
2022-08-29,18.44,18.47,18.51,18.21,47.80K,-0.16%
2022-08-26,18.47,17.91,18.49,17.85,75.49K,3.18%
2022-08-25,17.9,18.09,18.19,17.71,63.17K,-0.78%
2022-08-24,18.04,17.93,18.24,17.9,45.38K,0.84%
2022-08-23,17.89,18.0,18.04,17.8,36.07K,-0.28%
2022-08-22,17.94,17.94,18.09,17.74,42.03K,-0.83%
2022-08-19,18.09,17.78,18.2,17.61,62.70K,1.80%
2022-08-18,17.77,18.28,18.28,17.75,53.83K,-2.58%
2022-08-17,18.24,18.26,18.43,18.14,36.04K,-0.16%
2022-08-16,18.27,18.5,18.54,18.22,47.61K,-1.46%
2022-08-15,18.54,18.56,18.7,18.43,49.86K,-0.32%
2022-08-12,18.6,18.49,18.65,18.39,39.73K,0.59%
2022-08-11,18.49,18.28,18.5,18.18,52.46K,1.15%
2022-08-10,18.28,17.98,18.4,17.96,60.74K,1.67%
2022-08-09,17.98,17.93,18.07,17.75,40.00K,0.11%
2022-08-08,17.96,17.96,18.14,17.79,41.99K,0.11%
2022-08-05,17.94,17.66,17.98,17.58,45.25K,2.22%
2022-08-04,17.55,17.63,17.86,17.53,42.29K,-1.24%
2022-08-03,17.77,17.61,18.03,17.5,51.83K,0.45%
2022-08-02,17.69,17.67,17.78,17.36,49.14K,0.51%
2022-08-01,17.6,17.58,17.65,17.2,59.73K,0.34%
2022-07-29,17.54,17.81,17.89,17.52,47.42K,-1.02%
2022-07-28,17.72,17.55,17.97,17.49,79.00K,1.84%
2022-07-27,17.4,17.51,17.62,17.32,59.85K,-0.40%
2022-07-26,17.47,17.58,17.82,17.35,75.96K,0.00%
2022-07-25,17.47,17.86,17.89,17.44,95.11K,-2.35%
2022-07-22,17.89,18.42,18.43,17.87,79.86K,-2.51%
2022-07-21,18.35,18.7,18.74,18.26,60.91K,-1.71%
2022-07-20,18.67,18.87,18.94,18.63,40.66K,-0.90%
2022-07-19,18.84,19.31,19.39,18.8,61.38K,-2.94%
2022-07-18,19.41,19.27,19.59,19.24,50.32K,0.83%
2022-07-15,19.25,18.97,19.38,18.93,52.30K,1.48%
2022-07-14,18.97,19.14,19.19,18.82,46.38K,-0.89%
2022-07-13,19.14,18.69,19.2,18.69,60.65K,2.41%
2022-07-12,18.69,18.8,18.9,18.6,47.00K,-0.90%
2022-07-11,18.86,19.05,19.12,18.84,51.31K,-0.84%
2022-07-08,19.02,18.49,19.15,18.45,95.07K,2.70%
2022-07-07,18.52,18.04,18.59,17.98,76.79K,2.95%
2022-07-06,17.99,17.9,18.03,17.75,62.11K,1.07%
2022-07-05,17.8,18.2,18.29,17.71,76.00K,-1.49%
2022-07-01,18.07,18.45,18.54,18.06,61.11K,-4.04%
2022-06-30,18.83,18.52,18.91,18.52,2.41K,1.51%
2022-06-29,18.55,18.56,18.64,18.31,21.24K,0.11%
2022-06-28,18.53,18.49,18.63,18.38,17.48K,1.26%
2022-06-27,18.3,18.39,18.55,18.2,24.80K,-0.38%
2022-06-24,18.37,18.39,18.43,18.23,31.76K,-0.05%
2022-06-23,18.38,18.42,18.55,18.32,37.10K,-0.38%
2022-06-22,18.45,18.6,18.6,18.42,43.51K,-1.13%
2022-06-21,18.66,18.6,19.0,18.6,40.69K,0.32%
2022-06-17,18.6,18.72,18.96,18.57,38.58K,0.11%
2022-06-16,18.58,18.53,18.64,18.39,59.33K,0.65%
2022-06-15,18.46,18.66,18.73,18.38,90.37K,-1.28%
2022-06-14,18.7,18.71,18.86,18.58,57.57K,-0.05%
2022-06-13,18.71,18.8,18.81,18.61,102.31K,-0.85%
2022-06-10,18.87,19.3,19.35,18.84,88.71K,-2.18%
2022-06-09,19.29,18.99,19.45,18.82,148.35K,1.63%
2022-06-08,18.98,18.97,19.17,18.84,113.11K,0.05%
2022-06-07,18.97,19.4,19.41,18.94,149.85K,-3.02%
2022-06-06,19.56,19.45,19.76,19.45,83.10K,1.40%
2022-06-03,19.29,19.35,19.42,19.25,31.79K,-0.31%
2022-06-02,19.35,19.38,19.59,19.23,54.01K,-0.46%
2022-06-01,19.44,19.4,19.68,19.28,49.33K,0.21%
2022-05-31,19.4,19.8,19.92,19.33,54.83K,-1.07%
2022-05-27,19.61,19.51,19.73,19.4,30.83K,0.36%
2022-05-26,19.54,19.4,19.62,19.27,47.70K,-0.71%
2022-05-25,19.68,19.82,19.93,19.54,41.86K,-0.35%
2022-05-24,19.75,19.7,19.99,19.45,73.26K,-0.10%
2022-05-23,19.77,20.05,20.09,19.72,49.99K,-0.90%
2022-05-20,19.95,19.82,20.1,19.73,40.44K,0.91%
2022-05-19,19.77,19.76,19.88,19.51,47.69K,-0.30%
2022-05-18,19.83,19.95,20.13,19.74,58.65K,-0.85%
2022-05-17,20.0,19.66,20.24,19.57,87.60K,1.63%
2022-05-16,19.68,19.7,19.7,19.28,75.15K,2.66%
2022-05-13,19.17,18.72,19.2,18.68,63.36K,2.84%
2022-05-12,18.64,18.47,18.71,18.3,58.51K,0.49%
2022-05-11,18.55,18.62,18.73,18.44,48.90K,0.05%
2022-05-10,18.54,18.65,18.77,18.51,47.29K,-0.64%
2022-05-09,18.66,19.0,19.03,18.56,54.43K,-2.61%
2022-05-06,19.16,18.84,19.21,18.57,59.75K,2.02%
2022-05-05,18.78,18.74,18.88,18.61,47.63K,0.86%
2022-05-04,18.62,18.7,18.91,18.54,57.01K,0.00%
2022-05-03,18.62,18.85,18.92,18.59,51.40K,-1.22%
2022-05-02,18.85,19.07,19.1,18.69,47.98K,-2.58%
2022-04-29,19.35,19.43,19.55,19.35,3.80K,-0.36%
2022-04-28,19.42,19.06,19.47,18.94,24.49K,2.10%
2022-04-27,19.02,18.99,19.4,18.8,19.22K,0.16%
2022-04-26,18.99,19.02,19.19,18.9,29.81K,0.21%
2022-04-25,18.95,19.15,19.15,18.87,27.41K,-1.51%
2022-04-22,19.24,19.8,19.85,19.21,30.86K,-3.17%
2022-04-21,19.87,19.7,19.94,19.57,35.39K,1.27%
2022-04-20,19.62,19.8,19.85,19.61,30.97K,-0.61%
2022-04-19,19.74,20.2,20.21,19.72,49.26K,-2.57%
2022-04-18,20.26,20.14,20.32,19.98,45.14K,1.00%
2022-04-14,20.06,20.15,20.35,19.91,49.30K,-0.20%
2022-04-13,20.1,20.22,20.51,20.02,90.25K,-0.59%
2022-04-12,20.22,20.39,20.48,20.16,126.56K,-0.44%
2022-04-11,20.31,20.33,20.37,20.06,109.51K,-0.49%
2022-04-08,20.41,19.93,20.45,19.84,128.05K,2.87%
2022-04-07,19.84,19.6,20.04,19.59,114.82K,1.28%
2022-04-06,19.59,19.7,19.76,19.45,68.33K,-0.31%
2022-04-05,19.65,19.71,19.81,19.54,50.77K,0.20%
2022-04-04,19.61,19.37,19.77,19.37,62.24K,1.24%
2022-04-01,19.37,19.42,19.52,19.25,52.11K,-0.62%
2022-03-31,19.49,19.31,19.54,19.24,44.98K,0.10%
2022-03-30,19.47,19.23,19.59,19.2,45.84K,1.88%
2022-03-29,19.11,19.59,19.6,18.84,78.67K,-2.45%
2022-03-28,19.59,19.52,19.64,19.37,43.45K,-0.10%
2022-03-25,19.61,19.31,19.65,19.21,46.72K,1.82%
2022-03-24,19.26,19.21,19.5,19.2,38.14K,0.10%
2022-03-23,19.24,19.15,19.37,19.03,30.22K,0.47%
2022-03-22,19.15,19.33,19.33,19.12,32.13K,-0.67%
2022-03-21,19.28,19.0,19.34,18.98,36.34K,1.85%
2022-03-18,18.93,18.74,19.0,18.57,28.29K,1.28%
2022-03-17,18.69,18.62,18.97,18.56,31.33K,0.70%
2022-03-16,18.56,18.8,18.85,18.51,32.29K,-0.91%
2022-03-15,18.73,18.85,18.9,18.57,57.42K,-2.09%
2022-03-14,19.13,19.2,19.2,19.0,36.32K,-0.57%
2022-03-11,19.24,19.12,19.29,18.87,45.90K,0.73%
2022-03-10,19.1,19.02,19.59,18.96,81.54K,0.84%
2022-03-09,18.94,19.43,19.63,18.91,75.19K,-2.52%
2022-03-08,19.43,19.2,19.73,19.01,68.66K,0.83%
2022-03-07,19.27,19.58,19.89,19.22,100.18K,-0.41%
2022-03-04,19.35,18.9,19.48,18.81,101.32K,2.22%
2022-03-03,18.93,18.65,18.98,18.45,75.75K,1.56%
2022-03-02,18.64,18.5,18.67,18.28,72.44K,1.64%
2022-03-01,18.34,17.72,18.43,17.7,80.07K,1.89%
2022-02-28,18.0,18.19,18.19,17.84,10.64K,0.06%
2022-02-25,17.99,18.33,18.38,17.95,25.00K,-1.80%
2022-02-24,18.32,18.69,18.87,18.25,37.97K,-1.13%
2022-02-23,18.53,18.48,18.6,18.45,37.00K,0.27%
2022-02-22,18.48,18.3,18.5,18.27,46.94K,1.54%
2022-02-18,18.2,18.25,18.48,18.11,31.30K,-0.44%
2022-02-17,18.28,18.05,18.35,18.05,28.63K,1.16%
2022-02-16,18.07,18.15,18.25,18.04,49.15K,0.00%
2022-02-15,18.07,18.19,18.27,17.96,91.62K,-0.28%
2022-02-14,18.12,18.22,18.4,18.01,41.01K,-0.77%
2022-02-11,18.26,18.23,18.35,18.07,69.32K,-0.22%
2022-02-10,18.3,18.48,18.54,18.22,75.25K,-0.97%
2022-02-09,18.48,18.08,18.68,18.02,165.37K,2.21%
2022-02-08,18.08,18.01,18.14,17.84,66.92K,0.17%
2022-02-07,18.05,18.16,18.3,17.97,60.63K,-0.99%
2022-02-04,18.23,18.01,18.3,17.98,75.86K,1.33%
2022-02-03,17.99,17.93,18.12,17.77,61.92K,0.33%
2022-02-02,17.93,18.5,18.5,17.86,82.94K,-2.98%
2022-02-01,18.48,18.29,18.56,18.17,62.19K,1.43%
2022-01-31,18.22,18.3,18.36,17.9,72.98K,0.11%
2022-01-28,18.2,18.42,18.5,18.09,52.71K,-1.14%
2022-01-27,18.41,18.39,18.53,18.31,38.29K,-0.43%
2022-01-26,18.49,18.75,18.81,18.38,62.92K,-1.54%
2022-01-25,18.78,18.85,18.95,18.62,52.63K,-0.16%
2022-01-24,18.81,18.84,18.98,18.51,55.03K,-0.48%
2022-01-21,18.9,18.81,19.11,18.68,47.15K,-0.16%
2022-01-20,18.93,19.01,19.29,18.87,64.59K,-0.73%
2022-01-19,19.07,18.75,19.15,18.7,67.73K,2.20%
2022-01-18,18.66,18.5,18.79,18.45,70.88K,1.91%
2022-01-14,18.31,18.1,18.37,18.03,41.51K,1.22%
2022-01-13,18.09,18.34,18.42,17.94,53.42K,-1.36%
2022-01-12,18.34,18.19,18.47,18.15,53.10K,1.27%
2022-01-11,18.11,17.95,18.21,17.85,63.33K,1.57%
2022-01-10,17.83,18.15,18.2,17.6,75.29K,-1.22%
2022-01-07,18.05,18.26,18.44,17.99,46.86K,-0.77%
2022-01-06,18.19,18.31,18.39,18.15,46.25K,-0.82%
2022-01-05,18.34,18.8,18.8,18.32,59.41K,-2.19%
2022-01-04,18.75,18.75,18.85,18.62,40.17K,0.05%
2022-01-03,18.74,18.94,19.01,18.68,20.40K,-0.74%
